2026-10-03 17:54:37 | +5325ms | tome-spike 0.1.0-spike.2 | mode names; zone=poknowledge; character=Kylaeris
2026-10-03 17:54:37 | +5326ms | tome-spike 0.1.0-spike.2 | Bard | Larquin Julinok | exact lookup npc "=Larquin Julinok": FOUND (ID=124, CleanName="Larquin Julinok", Name="Larquin_Julinok000", Distance=23.043783187866)
2026-10-03 17:54:37 | +5326ms | tome-spike 0.1.0-spike.2 |     loose match 1 for "Larquin": ID=124 CleanName="Larquin Julinok" bytes=Larquin Julinok
2026-10-03 17:54:37 | +5326ms | tome-spike 0.1.0-spike.2 | Beastlord | Tana Clawguard | exact lookup npc "=Tana Clawguard": FOUND (ID=122, CleanName="Tana Clawguard", Name="Tana_Clawguard000", Distance=76.769569396973)
2026-10-03 17:54:37 | +5327ms | tome-spike 0.1.0-spike.2 |     loose match 1 for "Tana": ID=122 CleanName="Tana Clawguard" bytes=Tana Clawguard
2026-10-03 17:54:37 | +5328ms | tome-spike 0.1.0-spike.2 | Berserker | Kurlond Axebringer | exact lookup npc "=Kurlond Axebringer": FOUND (ID=215, CleanName="Kurlond Axebringer", Name="Kurlond_Axebringer000", Distance=307.61074829102)
2026-10-03 17:54:37 | +5328ms | tome-spike 0.1.0-spike.2 |     loose match 1 for "Kurlond": ID=215 CleanName="Kurlond Axebringer" bytes=Kurlond Axebringer
2026-10-03 17:54:37 | +5329ms | tome-spike 0.1.0-spike.2 | Berserker | Gaddi Buruca | exact lookup npc "=Gaddi Buruca": FOUND (ID=216, CleanName="Gaddi Buruca", Name="Gaddi_Buruca000", Distance=306.65283203125)
2026-10-03 17:54:37 | +5329ms | tome-spike 0.1.0-spike.2 |     loose match 1 for "Gaddi": ID=216 CleanName="Gaddi Buruca" bytes=Gaddi Buruca
2026-10-03 17:54:37 | +5329ms | tome-spike 0.1.0-spike.2 | Monk | Beorobin Amondson | exact lookup npc "=Beorobin Amondson": FOUND (ID=125, CleanName="Beorobin Amondson", Name="Beorobin_Amondson000", Distance=273.38458251953)
2026-10-03 17:54:37 | +5330ms | tome-spike 0.1.0-spike.2 |     loose match 1 for "Beorobin": ID=125 CleanName="Beorobin Amondson" bytes=Beorobin Amondson
2026-10-03 17:54:37 | +5330ms | tome-spike 0.1.0-spike.2 | Paladin | Ulin Velnik | exact lookup npc "=Ulin Velnik": FOUND (ID=126, CleanName="Ulin Velnik", Name="Ulin_Velnik000", Distance=102.52660369873)
2026-10-03 17:54:37 | +5330ms | tome-spike 0.1.0-spike.2 |     loose match 1 for "Ulin": ID=124 CleanName="Larquin Julinok" bytes=Larquin Julinok
2026-10-03 17:54:37 | +5330ms | tome-spike 0.1.0-spike.2 |     loose match 2 for "Ulin": ID=128 CleanName="Wisdomseeker Raulin" bytes=Wisdomseeker Raulin
2026-10-03 17:54:37 | +5331ms | tome-spike 0.1.0-spike.2 |     loose match 3 for "Ulin": ID=126 CleanName="Ulin Velnik" bytes=Ulin Velnik
2026-10-03 17:54:37 | +5331ms | tome-spike 0.1.0-spike.2 | Ranger | Keshyk Wardorn | exact lookup npc "=Keshyk Wardorn": FOUND (ID=234, CleanName="Keshyk Wardorn", Name="Keshyk_Wardorn000", Distance=160.72694396973)
2026-10-03 17:54:37 | +5331ms | tome-spike 0.1.0-spike.2 |     loose match 1 for "Keshyk": ID=234 CleanName="Keshyk Wardorn" bytes=Keshyk Wardorn
2026-10-03 17:54:37 | +5331ms | tome-spike 0.1.0-spike.2 | Rogue | Blane Darkblade | exact lookup npc "=Blane Darkblade": FOUND (ID=123, CleanName="Blane Darkblade", Name="Blane_Darkblade000", Distance=38.715187072754)
2026-10-03 17:54:37 | +5332ms | tome-spike 0.1.0-spike.2 |     loose match 1 for "Blane": ID=123 CleanName="Blane Darkblade" bytes=Blane Darkblade
2026-10-03 17:54:37 | +5332ms | tome-spike 0.1.0-spike.2 | Shadowknight | Zhao V'karin | exact lookup npc "=Zhao V'karin": not found (ID=0, CleanName="nil", Name="nil", Distance=nil)
2026-10-03 17:54:37 | +5332ms | tome-spike 0.1.0-spike.2 |     loose match 1 for "Zhao": ID=233 CleanName="Zhao V`karin" bytes=Zhao V<0x60>karin
2026-10-03 17:54:37 | +5333ms | tome-spike 0.1.0-spike.2 | Warrior | Heldin Swordbreaker | exact lookup npc "=Heldin Swordbreaker": FOUND (ID=235, CleanName="Heldin Swordbreaker", Name="Heldin_Swordbreaker000", Distance=18.091663360596)
2026-10-03 17:54:37 | +5333ms | tome-spike 0.1.0-spike.2 |     loose match 1 for "Heldin": ID=235 CleanName="Heldin Swordbreaker" bytes=Heldin Swordbreaker
2026-10-03 17:54:37 | +5334ms | tome-spike 0.1.0-spike.2 | names: 9 of 10 vendors found by the exact lookup the build uses; details in C:\Users\Public\MacroQuest\Logs/spellspree/spike_multiclass_Kylaeris.log
2026-10-03 17:56:03 | +7331ms | tome-spike 0.1.0-spike.2 | mode dump; vendor(target)="Beorobin Amondson"; zone=poknowledge; character=Kylaeris; visible rows=105
2026-10-03 17:56:03 | +7332ms | tome-spike 0.1.0-spike.2 | discipline scan: Me.CombatAbilityCount=unavailable; scanned up to slot 400; last filled slot=40
2026-10-03 17:56:03 | +7332ms | tome-spike 0.1.0-spike.2 | known disciplines by Me.CombatAbility(index): 39: Focused Will Discipline; Resistant Discipline; Provoke; Fearless Discipline; Phantom Wind; Phantom Zephyr; Throw Stone; Bellow; Evasive Discipline; Charge Discipline; Defensive Discipline; Berate; Furious Discipline; Precision Discipline; Fortitude Discipline; Fellstrike Discipline; Aggressive Discipline; Stonewall Discipline; Incite; Spirit of Rage Discipline; Healing Will Discipline; Ashenhand Discipline; Earthwalk Discipline; Hundred Fists Discipline; Innerflame Discipline; Phantom Call; Phantom Echo; Planeswalk Discipline; Speed Focus Discipline; Stonestance Discipline; Thunderkick Discipline; Voiddance Discipline; Whirlwind Discipline; Silentfist Discipline; Mighty Strike Discipline; Bellow of the Mastruq; Elbow Strike; Commanding Voice; Champion's Aura
2026-10-03 17:56:03 | +7333ms | tome-spike 0.1.0-spike.2 | row 1 | "Akheva Blood" | qty=1 | price=3pp 1gp 4sp 9cp | lvl=--
2026-10-03 17:56:03 | +7333ms | tome-spike 0.1.0-spike.2 | row 2 | "Alabaster Beak" | qty=1 | price=31pp 4gp 9sp 9cp | lvl=--
2026-10-03 17:56:03 | +7333ms | tome-spike 0.1.0-spike.2 | row 3 | "Battle Worn Trinket" | qty=1 | price=212pp 6gp 2sp 4cp | lvl=--
2026-10-03 17:56:03 | +7333ms | tome-spike 0.1.0-spike.2 | row 4 | "Batwing Crunchies" | qty=1 | price=0pp 0gp 2sp 8cp | lvl=--
2026-10-03 17:56:03 | +7333ms | tome-spike 0.1.0-spike.2 | row 5 | "Boar Meat" | qty=1 | price=1pp 2gp 6sp 0cp | lvl=--
2026-10-03 17:56:03 | +7333ms | tome-spike 0.1.0-spike.2 | row 6 | "Bracketed Chitin Mail" | qty=1 | price=209pp 9gp 9sp 9cp | lvl=--
2026-10-03 17:56:03 | +7334ms | tome-spike 0.1.0-spike.2 | row 7 | "Brick of Bloodmetal" | qty=1 | price=62pp 9gp 9sp 9cp | lvl=--
2026-10-03 17:56:03 | +7334ms | tome-spike 0.1.0-spike.2 | row 8 | "Bronze Medallion of Service" | qty=2 | price=0pp 0gp 0sp 2cp | lvl=--
2026-10-03 17:56:03 | +7334ms | tome-spike 0.1.0-spike.2 | row 9 | "Bubonian Head" | qty=1 | price=70pp 8gp 7sp 5cp | lvl=--
2026-10-03 17:56:03 | +7334ms | tome-spike 0.1.0-spike.2 | row 10 | "Crysotherium" | qty=1 | price=15pp 7gp 4sp 9cp | lvl=--
2026-10-03 17:56:03 | +7334ms | tome-spike 0.1.0-spike.2 | row 11 | "Crystallized Sulfur" | qty=3 | price=0pp 3gp 0sp 2cp | lvl=--
2026-10-03 17:56:03 | +7335ms | tome-spike 0.1.0-spike.2 | row 12 | "Dark Skeleton Remains" | qty=1 | price=0pp 0gp 0sp 2cp | lvl=--
2026-10-03 17:56:03 | +7349ms | tome-spike 0.1.0-spike.2 | row 13 | "Dark Steel Long Sword (Enchanted)" | qty=1 | price=113pp 3gp 9sp 9cp | lvl=--
2026-10-03 17:56:03 | +7349ms | tome-spike 0.1.0-spike.2 | row 14 | "Dark Steel Two Handed Sword (Enchanted)" | qty=1 | price=132pp 3gp 0sp 0cp | lvl=--
2026-10-03 17:56:03 | +7349ms | tome-spike 0.1.0-spike.2 | row 15 | "Dark Steel Warhammer" | qty=1 | price=108pp 6gp 7sp 4cp | lvl=--
2026-10-03 17:56:03 | +7350ms | tome-spike 0.1.0-spike.2 | row 16 | "Dathor Scale Helm" | qty=3 | price=209pp 9gp 9sp 9cp | lvl=--
2026-10-03 17:56:03 | +7350ms | tome-spike 0.1.0-spike.2 | row 17 | "Dathor Scale Helm (Enchanted)" | qty=3 | price=209pp 9gp 9sp 9cp | lvl=--
2026-10-03 17:56:03 | +7350ms | tome-spike 0.1.0-spike.2 | row 18 | "Death Mask of the Elysians" | qty=2 | price=209pp 9gp 9sp 9cp | lvl=--
2026-10-03 17:56:03 | +7350ms | tome-spike 0.1.0-spike.2 | row 19 | "Diaku Forged Axe" | qty=1 | price=26pp 2gp 4sp 9cp | lvl=--
2026-10-03 17:56:03 | +7351ms | tome-spike 0.1.0-spike.2 | row 20 | "Diaku Forged Maul" | qty=1 | price=26pp 2gp 4sp 9cp | lvl=--
2026-10-03 17:56:03 | +7351ms | tome-spike 0.1.0-spike.2 | row 21 | "Diamond" | qty=3 | price=315pp 0gp 0sp 0cp | lvl=--
2026-10-03 17:56:03 | +7351ms | tome-spike 0.1.0-spike.2 | row 22 | "Dreamstone" | qty=2 | price=354pp 3gp 7sp 4cp | lvl=--
2026-10-03 17:56:03 | +7352ms | tome-spike 0.1.0-spike.2 | row 23 | "Elven Blood" | qty=1 | price=1pp 0gp 5sp 0cp | lvl=--
2026-10-03 17:56:03 | +7352ms | tome-spike 0.1.0-spike.2 | row 24 | "Elysian Skull" | qty=1 | price=0pp 0gp 0sp 2cp | lvl=--
2026-10-03 17:56:03 | +7352ms | tome-spike 0.1.0-spike.2 | row 25 | "Emberstone" | qty=2 | price=20pp 4gp 7sp 5cp | lvl=--
2026-10-03 17:56:03 | +7352ms | tome-spike 0.1.0-spike.2 | row 26 | "Essence of Darkness" | qty=14 | price=5pp 2gp 5sp 0cp | lvl=--
2026-10-03 17:56:03 | +7353ms | tome-spike 0.1.0-spike.2 | row 27 | "Essence of Rathe" | qty=1 | price=2pp 8gp 3sp 4cp | lvl=--
2026-10-03 17:56:03 | +7353ms | tome-spike 0.1.0-spike.2 | row 28 | "Exquisite Velium Gem Dusted Rune" | qty=1 | price=6pp 1gp 4sp 2cp | lvl=--
2026-10-03 17:56:03 | +7353ms | tome-spike 0.1.0-spike.2 | row 29 | "Flame of Fennin" | qty=2 | price=6pp 2gp 9sp 9cp | lvl=--
2026-10-03 17:56:03 | +7353ms | tome-spike 0.1.0-spike.2 | row 30 | "Flesh Eater's Eye" | qty=2 | price=209pp 9gp 9sp 9cp | lvl=--
2026-10-03 17:56:03 | +7353ms | tome-spike 0.1.0-spike.2 | row 31 | "Flesh Eater's Eye (Enchanted)" | qty=1 | price=209pp 9gp 9sp 9cp | lvl=--
2026-10-03 17:56:03 | +7354ms | tome-spike 0.1.0-spike.2 | row 32 | "Froglok Poison Gland" | qty=1 | price=0pp 0gp 7sp 8cp | lvl=--
2026-10-03 17:56:03 | +7354ms | tome-spike 0.1.0-spike.2 | row 33 | "Galorian Flesh" | qty=1 | price=9pp 4gp 5sp 0cp | lvl=--
2026-10-03 17:56:03 | +7354ms | tome-spike 0.1.0-spike.2 | row 34 | "Gantru Charm" | qty=1 | price=209pp 9gp 9sp 9cp | lvl=--
2026-10-03 17:56:03 | +7354ms | tome-spike 0.1.0-spike.2 | row 35 | "Gantru Charm (Enchanted)" | qty=3 | price=209pp 9gp 9sp 9cp | lvl=--
2026-10-03 17:56:03 | +7354ms | tome-spike 0.1.0-spike.2 | row 36 | "Half of Rallos' Plans" | qty=1 | price=0pp 0gp 0sp 2cp | lvl=--
2026-10-03 17:56:03 | +7354ms | tome-spike 0.1.0-spike.2 | row 37 | "Helm of Raldukan" | qty=2 | price=209pp 9gp 9sp 9cp | lvl=--
2026-10-03 17:56:03 | +7355ms | tome-spike 0.1.0-spike.2 | row 38 | "Iolite" | qty=2 | price=275pp 6gp 2sp 5cp | lvl=--
2026-10-03 17:56:03 | +7355ms | tome-spike 0.1.0-spike.2 | row 39 | "Large Bone Chips" | qty=1 | price=4pp 7gp 2sp 5cp | lvl=--
2026-10-03 17:56:03 | +7355ms | tome-spike 0.1.0-spike.2 | row 40 | "Large Zelniak Tooth" | qty=4 | price=9pp 4gp 5sp 0cp | lvl=--
2026-10-03 17:56:03 | +7355ms | tome-spike 0.1.0-spike.2 | row 41 | "Lucidem" | qty=1 | price=0pp 0gp 1sp 0cp | lvl=--
2026-10-03 17:56:03 | +7356ms | tome-spike 0.1.0-spike.2 | row 42 | "Mace of the Fallen Crusader (Enchanted)" | qty=1 | price=17pp 9gp 3sp 4cp | lvl=--
2026-10-03 17:56:03 | +7356ms | tome-spike 0.1.0-spike.2 | row 43 | "Minor Signet of the Dark Sorcerer" | qty=1 | price=0pp 0gp 0sp 2cp | lvl=--
2026-10-03 17:56:03 | +7356ms | tome-spike 0.1.0-spike.2 | row 44 | "Moist Marrow" | qty=1 | price=65pp 6gp 2sp 5cp | lvl=--
2026-10-03 17:56:03 | +7356ms | tome-spike 0.1.0-spike.2 | row 45 | "Nodding Blue Lily" | qty=2 | price=0pp 8gp 3sp 9cp | lvl=--
2026-10-03 17:56:03 | +7356ms | tome-spike 0.1.0-spike.2 | row 46 | "Obsidianwood Sap" | qty=1 | price=7pp 8gp 7sp 4cp | lvl=--
2026-10-03 17:56:03 | +7368ms | tome-spike 0.1.0-spike.2 | row 47 | "Ogre Meat" | qty=1 | price=0pp 0gp 1sp 5cp | lvl=--
2026-10-03 17:56:03 | +7368ms | tome-spike 0.1.0-spike.2 | row 48 | "Peridot" | qty=1 | price=15pp 7gp 4sp 9cp | lvl=--
2026-10-03 17:56:03 | +7368ms | tome-spike 0.1.0-spike.2 | row 49 | "Phosphorous Powder" | qty=12 | price=3pp 3gp 0sp 7cp | lvl=--
2026-10-03 17:56:03 | +7368ms | tome-spike 0.1.0-spike.2 | row 50 | "Planes Rift" | qty=8 | price=0pp 0gp 0sp 2cp | lvl=--
2026-10-03 17:56:03 | +7368ms | tome-spike 0.1.0-spike.2 | row 51 | "Platinum Medallion of Service" | qty=1 | price=0pp 0gp 0sp 2cp | lvl=--
2026-10-03 17:56:03 | +7369ms | tome-spike 0.1.0-spike.2 | row 52 | "Pliable Goo" | qty=3 | price=0pp 0gp 0sp 2cp | lvl=--
2026-10-03 17:56:03 | +7369ms | tome-spike 0.1.0-spike.2 | row 53 | "Prismatic Crystal" | qty=1 | price=0pp 0gp 0sp 2cp | lvl=--
2026-10-03 17:56:03 | +7369ms | tome-spike 0.1.0-spike.2 | row 54 | "Putrid Belt of Rotten Hide (Enchanted)" | qty=1 | price=9pp 1gp 3sp 5cp | lvl=--
2026-10-03 17:56:03 | +7369ms | tome-spike 0.1.0-spike.2 | row 55 | "Raldukan Boots" | qty=1 | price=5pp 2gp 5sp 0cp | lvl=--
2026-10-03 17:56:03 | +7369ms | tome-spike 0.1.0-spike.2 | row 56 | "Raw Diamond" | qty=1 | price=315pp 0gp 0sp 0cp | lvl=--
2026-10-03 17:56:03 | +7370ms | tome-spike 0.1.0-spike.2 | row 57 | "Raw Indigo Nihilite" | qty=1 | price=0pp 1gp 0sp 4cp | lvl=--
2026-10-03 17:56:03 | +7370ms | tome-spike 0.1.0-spike.2 | row 58 | "Refined Binding Powder" | qty=1 | price=6pp 7gp 7sp 2cp | lvl=--
2026-10-03 17:56:03 | +7370ms | tome-spike 0.1.0-spike.2 | row 59 | "Rhodocrosite" | qty=1 | price=3pp 9gp 3sp 7cp | lvl=--
2026-10-03 17:56:03 | +7370ms | tome-spike 0.1.0-spike.2 | row 60 | "Rune of Ap`Sagor" | qty=1 | price=8pp 4gp 0sp 0cp | lvl=--
2026-10-03 17:56:03 | +7370ms | tome-spike 0.1.0-spike.2 | row 61 | "Rune of Impulse" | qty=1 | price=8pp 1gp 8sp 9cp | lvl=--
2026-10-03 17:56:03 | +7371ms | tome-spike 0.1.0-spike.2 | row 62 | "Rune of Synergy" | qty=1 | price=7pp 3gp 4sp 9cp | lvl=--
2026-10-03 17:56:03 | +7371ms | tome-spike 0.1.0-spike.2 | row 63 | "Sarcoscypha Fungus" | qty=1 | price=0pp 1gp 0sp 4cp | lvl=--
2026-10-03 17:56:03 | +7371ms | tome-spike 0.1.0-spike.2 | row 64 | "Shadow Weave Ring" | qty=1 | price=209pp 9gp 9sp 9cp | lvl=--
2026-10-03 17:56:03 | +7371ms | tome-spike 0.1.0-spike.2 | row 65 | "Shadowy Assassin Sash" | qty=3 | price=2100pp 0gp 0sp 0cp | lvl=--
2026-10-03 17:56:03 | +7371ms | tome-spike 0.1.0-spike.2 | row 66 | "Shadowy Assassin Sash (Enchanted)" | qty=2 | price=2100pp 0gp 0sp 0cp | lvl=--
2026-10-03 17:56:03 | +7371ms | tome-spike 0.1.0-spike.2 | row 67 | "Shadowy Assassin's Cape" | qty=4 | price=209pp 9gp 9sp 9cp | lvl=--
2026-10-03 17:56:03 | +7371ms | tome-spike 0.1.0-spike.2 | row 68 | "Shadowy Dirk (Legendary)" | qty=1 | price=209pp 9gp 9sp 9cp | lvl=--
2026-10-03 17:56:03 | +7372ms | tome-spike 0.1.0-spike.2 | row 69 | "Skill: Fists of Wu" | qty=-- | price=520pp 9gp 3sp 1cp | lvl= 68
2026-10-03 17:56:03 | +7372ms | tome-spike 0.1.0-spike.2 | row 70 | "Skill: Master's Aura" | qty=-- | price=627pp 2gp 6sp 8cp | lvl= 70
2026-10-03 17:56:03 | +7372ms | tome-spike 0.1.0-spike.2 | row 71 | "Skull Marked Shield" | qty=4 | price=209pp 9gp 9sp 9cp | lvl=--
2026-10-03 17:56:03 | +7372ms | tome-spike 0.1.0-spike.2 | row 72 | "Skull Marked Shield (Enchanted)" | qty=2 | price=209pp 9gp 9sp 9cp | lvl=--
2026-10-03 17:56:03 | +7372ms | tome-spike 0.1.0-spike.2 | row 73 | "Smashed War Grubs" | qty=2 | price=6pp 2gp 9sp 9cp | lvl=--
2026-10-03 17:56:03 | +7373ms | tome-spike 0.1.0-spike.2 | row 74 | "Smolder (Enchanted)" | qty=1 | price=10pp 7gp 7sp 9cp | lvl=--
2026-10-03 17:56:03 | +7373ms | tome-spike 0.1.0-spike.2 | row 75 | "Strand of Ether" | qty=2 | price=3pp 1gp 4sp 9cp | lvl=--
2026-10-03 17:56:03 | +7373ms | tome-spike 0.1.0-spike.2 | row 76 | "Sunshard Ore" | qty=2 | price=0pp 0gp 7sp 8cp | lvl=--
2026-10-03 17:56:03 | +7373ms | tome-spike 0.1.0-spike.2 | row 77 | "Symbol of the Diaku" | qty=1 | price=165pp 3gp 7sp 5cp | lvl=--
2026-10-03 17:56:03 | +7373ms | tome-spike 0.1.0-spike.2 | row 78 | "Tainted Planar Essence" | qty=4 | price=6pp 2gp 9sp 9cp | lvl=--
2026-10-03 17:56:03 | +7374ms | tome-spike 0.1.0-spike.2 | row 79 | "Tome of Ashenhand Discipline" | qty=-- | price=117pp 7gp 5sp 3cp | lvl= 60 | derived="Ashenhand Discipline" | in known list=YES | Me.CombatAbility(derived)=23 Name=nil
2026-10-03 17:56:03 | +7385ms | tome-spike 0.1.0-spike.2 | row 80 | "Tome of Earthwalk Discipline" | qty=-- | price=207pp 5gp 5sp 7cp | lvl= 65 | derived="Earthwalk Discipline" | in known list=YES | Me.CombatAbility(derived)=24 Name=nil
2026-10-03 17:56:03 | +7386ms | tome-spike 0.1.0-spike.2 | row 81 | "Tome of Elbow Strike" | qty=-- | price=0pp 0gp 5sp 8cp | lvl=  5 | derived="Elbow Strike" | in known list=YES | Me.CombatAbility(derived)=38 Name=nil
2026-10-03 17:56:03 | +7386ms | tome-spike 0.1.0-spike.2 | row 82 | "Tome of Fearless Discipline" | qty=-- | price=21pp 0gp 9sp 0cp | lvl= 40 | derived="Fearless Discipline" | in known list=YES | Me.CombatAbility(derived)=4 Name=nil
2026-10-03 17:56:03 | +7386ms | tome-spike 0.1.0-spike.2 | row 83 | "Tome of Focused Will Discipline" | qty=-- | price=0pp 1gp 9sp 3cp | lvl= 10 | derived="Focused Will Discipline" | in known list=YES | Me.CombatAbility(derived)=1 Name=nil
2026-10-03 17:56:03 | +7387ms | tome-spike 0.1.0-spike.2 | row 84 | "Tome of Healing Will Discipline" | qty=-- | price=168pp 4gp 8sp 5cp | lvl= 63 | derived="Healing Will Discipline" | in known list=YES | Me.CombatAbility(derived)=22 Name=nil
2026-10-03 17:56:03 | +7387ms | tome-spike 0.1.0-spike.2 | row 85 | "Tome of Hundred Fists Discipline" | qty=-- | price=96pp 7gp 0sp 2cp | lvl= 57 | derived="Hundred Fists Discipline" | in known list=YES | Me.CombatAbility(derived)=25 Name=nil
2026-10-03 17:56:03 | +7387ms | tome-spike 0.1.0-spike.2 | row 86 | "Tome of Inner Flame Discipline" | qty=-- | price=89pp 0gp 2sp 5cp | lvl= 56 | derived="Inner Flame Discipline" | in known list=no | Me.CombatAbility(derived)=nil Name=nil
2026-10-03 17:56:03 | +7387ms | tome-spike 0.1.0-spike.2 | row 87 | "Tome of Phantom Call" | qty=-- | price=178pp 8gp 7sp 3cp | lvl= 64 | derived="Phantom Call" | in known list=YES | Me.CombatAbility(derived)=27 Name=nil
2026-10-03 17:56:03 | +7388ms | tome-spike 0.1.0-spike.2 | row 88 | "Tome of Phantom Echo" | qty=-- | price=118pp 8gp 7sp 6cp | lvl= 57 | derived="Phantom Echo" | in known list=YES | Me.CombatAbility(derived)=28 Name=nil
2026-10-03 17:56:03 | +7388ms | tome-spike 0.1.0-spike.2 | row 89 | "Tome of Phantom Shadow" | qty=-- | price=40pp 6gp 1sp 4cp | lvl= 65 | derived="Phantom Shadow" | in known list=no | Me.CombatAbility(derived)=nil Name=nil
2026-10-03 17:56:03 | +7388ms | tome-spike 0.1.0-spike.2 | row 90 | "Tome of Phantom Wind" | qty=-- | price=71pp 3gp 9sp 1cp | lvl= 50 | derived="Phantom Wind" | in known list=YES | Me.CombatAbility(derived)=5 Name=nil
2026-10-03 17:56:03 | +7389ms | tome-spike 0.1.0-spike.2 | row 91 | "Tome of Phantom Zephyr" | qty=-- | price=18pp 8gp 0sp 7cp | lvl= 35 | derived="Phantom Zephyr" | in known list=YES | Me.CombatAbility(derived)=6 Name=nil
2026-10-03 17:56:03 | +7389ms | tome-spike 0.1.0-spike.2 | row 92 | "Tome of Planeswalk Discipline" | qty=-- | price=150pp 6gp 8sp 9cp | lvl= 61 | derived="Planeswalk Discipline" | in known list=YES | Me.CombatAbility(derived)=29 Name=nil
2026-10-03 17:56:03 | +7389ms | tome-spike 0.1.0-spike.2 | row 93 | "Tome of Resistant Discipline" | qty=-- | price=6pp 9gp 9sp 7cp | lvl= 30 | derived="Resistant Discipline" | in known list=YES | Me.CombatAbility(derived)=2 Name=nil
2026-10-03 17:56:03 | +7390ms | tome-spike 0.1.0-spike.2 | row 94 | "Tome of Silentfist Discipline" | qty=-- | price=109pp 7gp 7sp 3cp | lvl= 59 | derived="Silentfist Discipline" | in known list=YES | Me.CombatAbility(derived)=35 Name=nil
2026-10-03 17:56:03 | +7390ms | tome-spike 0.1.0-spike.2 | row 95 | "Tome of Speed Focus Discipline" | qty=-- | price=170pp 4gp 6sp 3cp | lvl= 63 | derived="Speed Focus Discipline" | in known list=YES | Me.CombatAbility(derived)=30 Name=nil
2026-10-03 17:56:03 | +7390ms | tome-spike 0.1.0-spike.2 | row 96 | "Tome of Stone Stance Discipline" | qty=-- | price=59pp 8gp 7sp 7cp | lvl= 51 | derived="Stone Stance Discipline" | in known list=no | Me.CombatAbility(derived)=nil Name=nil
2026-10-03 17:56:03 | +7391ms | tome-spike 0.1.0-spike.2 | row 97 | "Tome of Throw Stone" | qty=-- | price=0pp 0gp 4sp 2cp | lvl=  1 | derived="Throw Stone" | in known list=YES | Me.CombatAbility(derived)=7 Name=nil
2026-10-03 17:56:03 | +7391ms | tome-spike 0.1.0-spike.2 | row 98 | "Tome of Thunderkick Discipline" | qty=-- | price=64pp 8gp 8sp 7cp | lvl= 52 | derived="Thunderkick Discipline" | in known list=YES | Me.CombatAbility(derived)=32 Name=nil
2026-10-03 17:56:03 | +7391ms | tome-spike 0.1.0-spike.2 | row 99 | "Tome of Voiddance Discipline" | qty=-- | price=76pp 0gp 9sp 9cp | lvl= 54 | derived="Voiddance Discipline" | in known list=YES | Me.CombatAbility(derived)=33 Name=nil
2026-10-03 17:56:03 | +7392ms | tome-spike 0.1.0-spike.2 | row 100 | "Tome of Whirlwind Discipline" | qty=-- | price=71pp 6gp 5sp 6cp | lvl= 53 | derived="Whirlwind Discipline" | in known list=YES | Me.CombatAbility(derived)=34 Name=nil
2026-10-03 17:56:03 | +7392ms | tome-spike 0.1.0-spike.2 | row 101 | "Troll Parts" | qty=1 | price=0pp 0gp 1sp 5cp | lvl=--
2026-10-03 17:56:03 | +7392ms | tome-spike 0.1.0-spike.2 | row 102 | "Umbracite" | qty=1 | price=188pp 9gp 9sp 9cp | lvl=--
2026-10-03 17:56:03 | +7392ms | tome-spike 0.1.0-spike.2 | row 103 | "Uncut Demantoid" | qty=1 | price=0pp 1gp 0sp 4cp | lvl=--
2026-10-03 17:56:03 | +7393ms | tome-spike 0.1.0-spike.2 | row 104 | "Windstone" | qty=8 | price=26pp 7gp 7sp 4cp | lvl=--
2026-10-03 17:56:03 | +7393ms | tome-spike 0.1.0-spike.2 | row 105 | "Words of Edification" | qty=1 | price=7pp 1gp 3sp 9cp | lvl=--
2026-10-03 17:56:03 | +7393ms | tome-spike 0.1.0-spike.2 | summary: 105 rows; 22 start with "Tome of "; 83 other rows; the discipline named by the tome is in the known list for 19, not for 3; name prefixes: Akheva Blood x1; Alabaster Beak x1; Battle Worn x1; Batwing Crunchies x1; Boar Meat x1; Bracketed Chitin x1; Brick of x1; Bronze Medallion x1; Bubonian Head x1; Crysotherium x1; Crystallized Sulfur x1; Dark Skeleton x1; Dark Steel x3; Dathor Scale x2; Death Mask x1; Diaku Forged x2; Diamond x1; Dreamstone x1; Elven Blood x1; Elysian Skull x1; Emberstone x1; Essence of x2; Exquisite Velium x1; Flame of x1; Flesh Eater's x2; Froglok Poison x1; Galorian Flesh x1; Gantru Charm x2; Half of x1; Helm of x1; Iolite x1; Large Bone x1; Large Zelniak x1; Lucidem x1; Mace of x1; Minor Signet x1; Moist Marrow x1; Nodding Blue x1; Obsidianwood Sap x1; Ogre Meat x1; Peridot x1; Phosphorous Powder x1; Planes Rift x1; Platinum Medallion x1; Pliable Goo x1; Prismatic Crystal x1; Putrid Belt x1; Raldukan Boots x1; Raw Diamond x1; Raw Indigo x1; Refined Binding x1; Rhodocrosite x1; Rune of x3; Sarcoscypha Fungus x1; Shadow Weave x1; Shadowy Assassin x2; Shadowy Assassin's x1; Shadowy Dirk x1; Skill: Fists x1; Skill: Master's x1; Skull Marked x2; Smashed War x1; Smolder (Enchanted) x1; Strand of x1; Sunshard Ore x1; Symbol of x1; Tainted Planar x1; Tome of x22; Troll Parts x1; Umbracite x1; Uncut Demantoid x1; Windstone x1; Words of x1
2026-10-03 17:56:03 | +7394ms | tome-spike 0.1.0-spike.2 | dump: 105 rows, 22 tomes, 83 other; known disciplines 39 (matched to tomes: 19); details in C:\Users\Public\MacroQuest\Logs/spellspree/spike_multiclass_Kylaeris.log
2026-10-03 17:59:17 | +5311ms | tome-spike 0.1.0-spike.2 | mode watch; tome="Tome of Bellow"; derived discipline="Bellow"; seconds=30; character=Kylaeris
2026-10-03 17:59:17 | +5312ms | tome-spike 0.1.0-spike.2 | watch: recording for 30 s. Buy "Tome of Bellow" and right-click it to learn it, by hand.
2026-10-03 17:59:17 | +5326ms | tome-spike 0.1.0-spike.2 | state: copies of "Tome of Bellow" in bags=0; money=204211683cp; discipline "Bellow" reads as known=false (nil); known disciplines=39; cursor=nil; merchant open=true
2026-10-03 17:59:23 | +10487ms | tome-spike 0.1.0-spike.2 | state: copies of "Tome of Bellow" in bags=1; money=204145968cp; discipline "Bellow" reads as known=false (nil); known disciplines=39; cursor=nil; merchant open=true
2026-10-03 17:59:26 | +14116ms | tome-spike 0.1.0-spike.2 | state: copies of "Tome of Bellow" in bags=1; money=204145968cp; discipline "Bellow" reads as known=false (nil); known disciplines=39; cursor=Tome of Bellow; merchant open=true
2026-10-03 17:59:26 | +14116ms | tome-spike 0.1.0-spike.2 | chat line: You already know this discipline.
2026-10-03 17:59:26 | +14117ms | tome-spike 0.1.0-spike.2 | chat line: You already know this discipline.
2026-10-03 17:59:48 | +36302ms | tome-spike 0.1.0-spike.2 | watch: finished; details in C:\Users\Public\MacroQuest\Logs/spellspree/spike_multiclass_Kylaeris.log
2026-10-03 18:09:01 | +11400ms | tome-spike 0.1.0-spike.2 | mode dump; vendor(target)="Heldin Swordbreaker"; zone=poknowledge; character=Kylaeris; visible rows=105
2026-10-03 18:09:01 | +11401ms | tome-spike 0.1.0-spike.2 | discipline scan: Me.CombatAbilityCount=unavailable; scanned up to slot 400; last filled slot=40
2026-10-03 18:09:01 | +11401ms | tome-spike 0.1.0-spike.2 | known disciplines by Me.CombatAbility(index): 39: Focused Will Discipline; Resistant Discipline; Provoke; Fearless Discipline; Phantom Wind; Phantom Zephyr; Throw Stone; Bellow; Evasive Discipline; Charge Discipline; Defensive Discipline; Berate; Furious Discipline; Precision Discipline; Fortitude Discipline; Fellstrike Discipline; Aggressive Discipline; Stonewall Discipline; Incite; Spirit of Rage Discipline; Healing Will Discipline; Ashenhand Discipline; Earthwalk Discipline; Hundred Fists Discipline; Innerflame Discipline; Phantom Call; Phantom Echo; Planeswalk Discipline; Speed Focus Discipline; Stonestance Discipline; Thunderkick Discipline; Voiddance Discipline; Whirlwind Discipline; Silentfist Discipline; Mighty Strike Discipline; Bellow of the Mastruq; Elbow Strike; Commanding Voice; Champion's Aura
2026-10-03 18:09:01 | +11402ms | tome-spike 0.1.0-spike.2 | row 1 | "Amanita Phalloide" | qty=1 | price=2pp 5gp 9sp 8cp | lvl=--
2026-10-03 18:09:01 | +11402ms | tome-spike 0.1.0-spike.2 | row 2 | "Black Rage of Flame" | qty=1 | price=13pp 2gp 2sp 9cp | lvl=--
2026-10-03 18:09:01 | +11402ms | tome-spike 0.1.0-spike.2 | row 3 | "Blistered Arachnid Legs" | qty=1 | price=40pp 9gp 5sp 0cp | lvl=--
2026-10-03 18:09:01 | +11402ms | tome-spike 0.1.0-spike.2 | row 4 | "Blue Wicker Boots (Legendary)" | qty=1 | price=2pp 6gp 4sp 6cp | lvl=--
2026-10-03 18:09:01 | +11402ms | tome-spike 0.1.0-spike.2 | row 5 | "Brick of Molten Ore" | qty=2 | price=84pp 0gp 0sp 0cp | lvl=--
2026-10-03 18:09:01 | +11403ms | tome-spike 0.1.0-spike.2 | row 6 | "Bubonian Bandage Turban" | qty=3 | price=5pp 2gp 5sp 0cp | lvl=--
2026-10-03 18:09:01 | +11403ms | tome-spike 0.1.0-spike.2 | row 7 | "Bubonian Bandage Turban (Legendary)" | qty=1 | price=22pp 8gp 8sp 9cp | lvl=--
2026-10-03 18:09:01 | +11403ms | tome-spike 0.1.0-spike.2 | row 8 | "Bubonian Claws" | qty=1 | price=97pp 6gp 4sp 9cp | lvl=--
2026-10-03 18:09:01 | +11403ms | tome-spike 0.1.0-spike.2 | row 9 | "Circled Toe Bones (Enchanted)" | qty=1 | price=11pp 5gp 4sp 9cp | lvl=--
2026-10-03 18:09:01 | +11403ms | tome-spike 0.1.0-spike.2 | row 10 | "Corpse Shroud Shawl (Enchanted)" | qty=1 | price=10pp 8gp 1sp 4cp | lvl=--
2026-10-03 18:09:01 | +11404ms | tome-spike 0.1.0-spike.2 | row 11 | "Crown of the Hive" | qty=2 | price=209pp 9gp 9sp 9cp | lvl=--
2026-10-03 18:09:01 | +11404ms | tome-spike 0.1.0-spike.2 | row 12 | "Crown of the Hive (Enchanted)" | qty=2 | price=209pp 9gp 9sp 9cp | lvl=--
2026-10-03 18:09:01 | +11416ms | tome-spike 0.1.0-spike.2 | row 13 | "Crown of the Hive (Legendary)" | qty=2 | price=209pp 9gp 9sp 9cp | lvl=--
2026-10-03 18:09:01 | +11416ms | tome-spike 0.1.0-spike.2 | row 14 | "Crysotherium" | qty=1 | price=15pp 7gp 4sp 9cp | lvl=--
2026-10-03 18:09:01 | +11417ms | tome-spike 0.1.0-spike.2 | row 15 | "Crystallized Sulfur" | qty=2 | price=0pp 3gp 0sp 2cp | lvl=--
2026-10-03 18:09:01 | +11417ms | tome-spike 0.1.0-spike.2 | row 16 | "Dark Assassin Chestplate" | qty=1 | price=3pp 9gp 8sp 9cp | lvl=--
2026-10-03 18:09:01 | +11417ms | tome-spike 0.1.0-spike.2 | row 17 | "Dark Master Vambraces" | qty=1 | price=1pp 9gp 9sp 4cp | lvl=--
2026-10-03 18:09:01 | +11417ms | tome-spike 0.1.0-spike.2 | row 18 | "Dark Skeleton Remains" | qty=2 | price=0pp 0gp 0sp 2cp | lvl=--
2026-10-03 18:09:01 | +11417ms | tome-spike 0.1.0-spike.2 | row 19 | "Dathor Scale Helm" | qty=2 | price=209pp 9gp 9sp 9cp | lvl=--
2026-10-03 18:09:01 | +11418ms | tome-spike 0.1.0-spike.2 | row 20 | "Dathor Scale Helm (Enchanted)" | qty=2 | price=209pp 9gp 9sp 9cp | lvl=--
2026-10-03 18:09:01 | +11418ms | tome-spike 0.1.0-spike.2 | row 21 | "Death Mask of the Elysians" | qty=2 | price=209pp 9gp 9sp 9cp | lvl=--
2026-10-03 18:09:01 | +11418ms | tome-spike 0.1.0-spike.2 | row 22 | "Death Watcher's Shroud" | qty=1 | price=209pp 9gp 9sp 9cp | lvl=--
2026-10-03 18:09:01 | +11418ms | tome-spike 0.1.0-spike.2 | row 23 | "Dense Hammered Casing" | qty=2 | price=0pp 0gp 0sp 2cp | lvl=--
2026-10-03 18:09:01 | +11418ms | tome-spike 0.1.0-spike.2 | row 24 | "Diaku Blood" | qty=1 | price=6pp 2gp 9sp 9cp | lvl=--
2026-10-03 18:09:01 | +11419ms | tome-spike 0.1.0-spike.2 | row 25 | "Diaku Forged Axe" | qty=1 | price=26pp 2gp 4sp 9cp | lvl=--
2026-10-03 18:09:01 | +11419ms | tome-spike 0.1.0-spike.2 | row 26 | "Diaku Forged Maul" | qty=1 | price=26pp 2gp 4sp 9cp | lvl=--
2026-10-03 18:09:01 | +11419ms | tome-spike 0.1.0-spike.2 | row 27 | "Diaku Forged Sword" | qty=1 | price=26pp 2gp 4sp 9cp | lvl=--
2026-10-03 18:09:01 | +11419ms | tome-spike 0.1.0-spike.2 | row 28 | "Dream Weaver Cap" | qty=1 | price=2pp 1gp 0sp 0cp | lvl=--
2026-10-03 18:09:01 | +11419ms | tome-spike 0.1.0-spike.2 | row 29 | "Dream Weaver Pantaloons" | qty=2 | price=3pp 0gp 4sp 4cp | lvl=--
2026-10-03 18:09:01 | +11420ms | tome-spike 0.1.0-spike.2 | row 30 | "Dream Weaver Sleeves" | qty=1 | price=1pp 1gp 5sp 5cp | lvl=--
2026-10-03 18:09:01 | +11420ms | tome-spike 0.1.0-spike.2 | row 31 | "Elysian Armplates (Enchanted)" | qty=2 | price=8pp 4gp 0sp 0cp | lvl=--
2026-10-03 18:09:01 | +11420ms | tome-spike 0.1.0-spike.2 | row 32 | "Elysian Boots" | qty=1 | price=3pp 6gp 7sp 4cp | lvl=--
2026-10-03 18:09:01 | +11420ms | tome-spike 0.1.0-spike.2 | row 33 | "Elysian Crown" | qty=1 | price=2pp 9gp 3sp 9cp | lvl=--
2026-10-03 18:09:01 | +11420ms | tome-spike 0.1.0-spike.2 | row 34 | "Emberstone" | qty=2 | price=20pp 4gp 7sp 5cp | lvl=--
2026-10-03 18:09:01 | +11421ms | tome-spike 0.1.0-spike.2 | row 35 | "Erudite Meat" | qty=1 | price=0pp 0gp 1sp 5cp | lvl=--
2026-10-03 18:09:01 | +11421ms | tome-spike 0.1.0-spike.2 | row 36 | "Essence of Darkness" | qty=15 | price=5pp 2gp 5sp 0cp | lvl=--
2026-10-03 18:09:01 | +11421ms | tome-spike 0.1.0-spike.2 | row 37 | "Exquisite Platinum Gem Dusted Rune" | qty=1 | price=5pp 6gp 6sp 9cp | lvl=--
2026-10-03 18:09:01 | +11422ms | tome-spike 0.1.0-spike.2 | row 38 | "Exquisite Silk" | qty=1 | price=15pp 7gp 4sp 9cp | lvl=--
2026-10-03 18:09:01 | +11422ms | tome-spike 0.1.0-spike.2 | row 39 | "Fire Mephit Skin" | qty=1 | price=28pp 3gp 4sp 9cp | lvl=--
2026-10-03 18:09:01 | +11422ms | tome-spike 0.1.0-spike.2 | row 40 | "Flame Encased Mephit Wing" | qty=1 | price=34pp 6gp 5sp 0cp | lvl=--
2026-10-03 18:09:01 | +11422ms | tome-spike 0.1.0-spike.2 | row 41 | "Flawless Yellow Sphere of Fortitude" | qty=1 | price=3pp 1gp 4sp 9cp | lvl=--
2026-10-03 18:09:01 | +11423ms | tome-spike 0.1.0-spike.2 | row 42 | "Flayed Paebala Gloves" | qty=1 | price=6pp 8gp 2sp 4cp | lvl=--
2026-10-03 18:09:01 | +11423ms | tome-spike 0.1.0-spike.2 | row 43 | "Fyr Jen's Blood" | qty=1 | price=0pp 0gp 0sp 2cp | lvl=--
2026-10-03 18:09:01 | +11423ms | tome-spike 0.1.0-spike.2 | row 44 | "Half of Rallos' Plans" | qty=1 | price=0pp 0gp 0sp 2cp | lvl=--
2026-10-03 18:09:01 | +11423ms | tome-spike 0.1.0-spike.2 | row 45 | "Helm of Raldukan" | qty=1 | price=209pp 9gp 9sp 9cp | lvl=--
2026-10-03 18:09:01 | +11423ms | tome-spike 0.1.0-spike.2 | row 46 | "Hive Fiend's Brain" | qty=2 | price=209pp 9gp 9sp 9cp | lvl=--
2026-10-03 18:09:01 | +11435ms | tome-spike 0.1.0-spike.2 | row 47 | "Hive Fiend's Brain (Enchanted)" | qty=3 | price=209pp 9gp 9sp 9cp | lvl=--
2026-10-03 18:09:01 | +11435ms | tome-spike 0.1.0-spike.2 | row 48 | "Jade Ring" | qty=1 | price=19pp 6gp 8sp 7cp | lvl=--
2026-10-03 18:09:01 | +11435ms | tome-spike 0.1.0-spike.2 | row 49 | "Large Bone Chips" | qty=1 | price=4pp 7gp 2sp 5cp | lvl=--
2026-10-03 18:09:01 | +11436ms | tome-spike 0.1.0-spike.2 | row 50 | "Large Zelniak Tooth" | qty=4 | price=9pp 4gp 5sp 0cp | lvl=--
2026-10-03 18:09:01 | +11436ms | tome-spike 0.1.0-spike.2 | row 51 | "Lucidem" | qty=1 | price=0pp 0gp 1sp 0cp | lvl=--
2026-10-03 18:09:01 | +11436ms | tome-spike 0.1.0-spike.2 | row 52 | "Luclinite" | qty=1 | price=133pp 8gp 7sp 5cp | lvl=--
2026-10-03 18:09:01 | +11436ms | tome-spike 0.1.0-spike.2 | row 53 | "Luggald Dagger" | qty=1 | price=40pp 1gp 6sp 2cp | lvl=--
2026-10-03 18:09:01 | +11436ms | tome-spike 0.1.0-spike.2 | row 54 | "Mace of the Fallen Crusader" | qty=2 | price=5pp 8gp 1sp 6cp | lvl=--
2026-10-03 18:09:01 | +11437ms | tome-spike 0.1.0-spike.2 | row 55 | "Metallic Substance" | qty=1 | price=15pp 7gp 4sp 9cp | lvl=--
2026-10-03 18:09:01 | +11437ms | tome-spike 0.1.0-spike.2 | row 56 | "Mithril Amulet (Legendary)" | qty=1 | price=157pp 5gp 0sp 0cp | lvl=--
2026-10-03 18:09:01 | +11437ms | tome-spike 0.1.0-spike.2 | row 57 | "Nilitim's Grimoire Pg. 35" | qty=1 | price=5pp 0gp 4sp 0cp | lvl=--
2026-10-03 18:09:01 | +11437ms | tome-spike 0.1.0-spike.2 | row 58 | "Nodding Blue Lily" | qty=1 | price=0pp 8gp 3sp 9cp | lvl=--
2026-10-03 18:09:01 | +11437ms | tome-spike 0.1.0-spike.2 | row 59 | "Phase Spider Blood" | qty=1 | price=0pp 0gp 0sp 2cp | lvl=100
2026-10-03 18:09:01 | +11437ms | tome-spike 0.1.0-spike.2 | row 60 | "Phosphorous Powder" | qty=11 | price=3pp 3gp 0sp 7cp | lvl=--
2026-10-03 18:09:01 | +11438ms | tome-spike 0.1.0-spike.2 | row 61 | "Pliable Goo" | qty=6 | price=0pp 0gp 0sp 2cp | lvl=--
2026-10-03 18:09:01 | +11438ms | tome-spike 0.1.0-spike.2 | row 62 | "Quality Plated Necklace" | qty=1 | price=18pp 9gp 0sp 0cp | lvl=--
2026-10-03 18:09:01 | +11438ms | tome-spike 0.1.0-spike.2 | row 63 | "Rage Filled Gem" | qty=1 | price=165pp 3gp 7sp 5cp | lvl=--
2026-10-03 18:09:01 | +11438ms | tome-spike 0.1.0-spike.2 | row 64 | "Raw Shimmering Nihilite" | qty=1 | price=0pp 7gp 8sp 7cp | lvl=--
2026-10-03 18:09:01 | +11438ms | tome-spike 0.1.0-spike.2 | row 65 | "Rhodocrosite" | qty=3 | price=3pp 9gp 3sp 7cp | lvl=--
2026-10-03 18:09:01 | +11439ms | tome-spike 0.1.0-spike.2 | row 66 | "Rune of Synergy" | qty=3 | price=7pp 3gp 4sp 9cp | lvl=--
2026-10-03 18:09:01 | +11439ms | tome-spike 0.1.0-spike.2 | row 67 | "Sarcoscypha Fungus" | qty=1 | price=0pp 1gp 0sp 4cp | lvl=--
2026-10-03 18:09:01 | +11439ms | tome-spike 0.1.0-spike.2 | row 68 | "Shadow Weave Ring" | qty=3 | price=209pp 9gp 9sp 9cp | lvl=--
2026-10-03 18:09:01 | +11439ms | tome-spike 0.1.0-spike.2 | row 69 | "Shadow Weave Ring (Enchanted)" | qty=1 | price=209pp 9gp 9sp 9cp | lvl=--
2026-10-03 18:09:01 | +11439ms | tome-spike 0.1.0-spike.2 | row 70 | "Shadowy Assassin Sash (Enchanted)" | qty=1 | price=2100pp 0gp 0sp 0cp | lvl=--
2026-10-03 18:09:01 | +11439ms | tome-spike 0.1.0-spike.2 | row 71 | "Shadowy Assassin's Cape" | qty=6 | price=209pp 9gp 9sp 9cp | lvl=--
2026-10-03 18:09:01 | +11440ms | tome-spike 0.1.0-spike.2 | row 72 | "Shadowy Assassin's Cape (Enchanted)" | qty=2 | price=209pp 9gp 9sp 9cp | lvl=--
2026-10-03 18:09:01 | +11440ms | tome-spike 0.1.0-spike.2 | row 73 | "Shadowy Dirk (Enchanted)" | qty=2 | price=209pp 9gp 9sp 9cp | lvl=--
2026-10-03 18:09:01 | +11440ms | tome-spike 0.1.0-spike.2 | row 74 | "Shiv" | qty=1 | price=0pp 7gp 1sp 8cp | lvl=--
2026-10-03 18:09:01 | +11440ms | tome-spike 0.1.0-spike.2 | row 75 | "Skull Charm (Enchanted)" | qty=1 | price=16pp 6gp 9sp 5cp | lvl=--
2026-10-03 18:09:01 | +11440ms | tome-spike 0.1.0-spike.2 | row 76 | "Skull Marked Shield" | qty=7 | price=209pp 9gp 9sp 9cp | lvl=--
2026-10-03 18:09:01 | +11441ms | tome-spike 0.1.0-spike.2 | row 77 | "Skull Marked Shield (Enchanted)" | qty=1 | price=209pp 9gp 9sp 9cp | lvl=--
2026-10-03 18:09:01 | +11441ms | tome-spike 0.1.0-spike.2 | row 78 | "Skull Marked Shield (Legendary)" | qty=1 | price=209pp 9gp 9sp 9cp | lvl=--
2026-10-03 18:09:01 | +11441ms | tome-spike 0.1.0-spike.2 | row 79 | "Smashed War Grubs" | qty=2 | price=6pp 2gp 9sp 9cp | lvl=--
2026-10-03 18:09:01 | +11441ms | tome-spike 0.1.0-spike.2 | row 80 | "Song: Battlecry of the Vah Shir" | qty=1 | price=77pp 4gp 0sp 3cp | lvl= 52
2026-10-03 18:09:01 | +11452ms | tome-spike 0.1.0-spike.2 | row 81 | "Spell: Cannibalize IV" | qty=1 | price=23pp 5gp 1sp 9cp | lvl= 58
2026-10-03 18:09:01 | +11452ms | tome-spike 0.1.0-spike.2 | row 82 | "Spell: Epitaph of Life" | qty=1 | price=77pp 0gp 7sp 4cp | lvl= 52
2026-10-03 18:09:01 | +11453ms | tome-spike 0.1.0-spike.2 | row 83 | "Spell: Guard of Calliav" | qty=1 | price=145pp 5gp 6sp 5cp | lvl= 58
2026-10-03 18:09:01 | +11453ms | tome-spike 0.1.0-spike.2 | row 84 | "Spell: Spirit of Eagle" | qty=1 | price=89pp 4gp 0sp 9cp | lvl= 54
2026-10-03 18:09:01 | +11453ms | tome-spike 0.1.0-spike.2 | row 85 | "Spell: Words of Tranquility" | qty=1 | price=88pp 3gp 2sp 8cp | lvl= 54
2026-10-03 18:09:01 | +11453ms | tome-spike 0.1.0-spike.2 | row 86 | "Stralagite" | qty=1 | price=20pp 4gp 7sp 5cp | lvl=--
2026-10-03 18:09:01 | +11454ms | tome-spike 0.1.0-spike.2 | row 87 | "Stratolite" | qty=2 | price=7pp 0gp 8sp 7cp | lvl=--
2026-10-03 18:09:01 | +11454ms | tome-spike 0.1.0-spike.2 | row 88 | "Sunshard Ore" | qty=2 | price=0pp 0gp 7sp 8cp | lvl=--
2026-10-03 18:09:01 | +11454ms | tome-spike 0.1.0-spike.2 | row 89 | "Sunshard Pebble" | qty=2 | price=0pp 0gp 1sp 5cp | lvl=--
2026-10-03 18:09:01 | +11454ms | tome-spike 0.1.0-spike.2 | row 90 | "Tome of Deflection Discipline" | qty=-- | price=263pp 5gp 5sp 8cp | lvl= 59 | derived="Deflection Discipline" | in known list=no | Me.CombatAbility(derived)=nil Name=nil
2026-10-03 18:09:01 | +11454ms | tome-spike 0.1.0-spike.2 | row 91 | "Tome of Fearless Discipline" | qty=-- | price=21pp 0gp 9sp 0cp | lvl= 40 | derived="Fearless Discipline" | in known list=YES | Me.CombatAbility(derived)=4 Name=nil
2026-10-03 18:09:01 | +11455ms | tome-spike 0.1.0-spike.2 | row 92 | "Tome of Holyforge Discipline" | qty=-- | price=82pp 5gp 2sp 3cp | lvl= 55 | derived="Holyforge Discipline" | in known list=no | Me.CombatAbility(derived)=nil Name=nil
2026-10-03 18:09:01 | +11455ms | tome-spike 0.1.0-spike.2 | row 93 | "Tome of Resistant Discipline" | qty=-- | price=6pp 9gp 9sp 7cp | lvl= 30 | derived="Resistant Discipline" | in known list=YES | Me.CombatAbility(derived)=2 Name=nil
2026-10-03 18:09:01 | +11456ms | tome-spike 0.1.0-spike.2 | row 94 | "Tome of Sanctification Discipline" | qty=-- | price=118pp 3gp 8sp 7cp | lvl= 60 | derived="Sanctification Discipline" | in known list=no | Me.CombatAbility(derived)=nil Name=nil
2026-10-03 18:09:01 | +11456ms | tome-spike 0.1.0-spike.2 | row 95 | "Torn Page of Magi`kot pg. 3" | qty=1 | price=0pp 0gp 0sp 2cp | lvl=--
2026-10-03 18:09:01 | +11457ms | tome-spike 0.1.0-spike.2 | row 96 | "Vah Shir Skin Robe" | qty=3 | price=209pp 9gp 9sp 9cp | lvl=--
2026-10-03 18:09:01 | +11457ms | tome-spike 0.1.0-spike.2 | row 97 | "Vah Shir Skin Robe (Enchanted)" | qty=2 | price=209pp 9gp 9sp 9cp | lvl=--
2026-10-03 18:09:01 | +11457ms | tome-spike 0.1.0-spike.2 | row 98 | "Vah Shir Skin Robe (Legendary)" | qty=1 | price=209pp 9gp 9sp 9cp | lvl=--
2026-10-03 18:09:01 | +11457ms | tome-spike 0.1.0-spike.2 | row 99 | "Velium Embossed Rune" | qty=1 | price=1pp 2gp 8sp 3cp | lvl=--
2026-10-03 18:09:01 | +11457ms | tome-spike 0.1.0-spike.2 | row 100 | "Velium Gemmed Rune" | qty=1 | price=6pp 2gp 9sp 9cp | lvl=--
2026-10-03 18:09:01 | +11458ms | tome-spike 0.1.0-spike.2 | row 101 | "Velium Warhammer" | qty=1 | price=52pp 9gp 1sp 9cp | lvl=--
2026-10-03 18:09:01 | +11458ms | tome-spike 0.1.0-spike.2 | row 102 | "Warblade of the Fallen (Enchanted)" | qty=2 | price=2100pp 0gp 0sp 0cp | lvl=--
2026-10-03 18:09:01 | +11458ms | tome-spike 0.1.0-spike.2 | row 103 | "Windstone" | qty=5 | price=26pp 7gp 7sp 4cp | lvl=--
2026-10-03 18:09:01 | +11458ms | tome-spike 0.1.0-spike.2 | row 104 | "Words of Covert" | qty=1 | price=6pp 2gp 9sp 9cp | lvl=--
2026-10-03 18:09:01 | +11458ms | tome-spike 0.1.0-spike.2 | row 105 | "Wretched Pauldrons (Enchanted)" | qty=1 | price=209pp 9gp 9sp 9cp | lvl=--
2026-10-03 18:09:01 | +11459ms | tome-spike 0.1.0-spike.2 | summary: 105 rows; 5 start with "Tome of "; 100 other rows; the discipline named by the tome is in the known list for 2, not for 3; name prefixes: Amanita Phalloide x1; Black Rage x1; Blistered Arachnid x1; Blue Wicker x1; Brick of x1; Bubonian Bandage x2; Bubonian Claws x1; Circled Toe x1; Corpse Shroud x1; Crown of x3; Crysotherium x1; Crystallized Sulfur x1; Dark Assassin x1; Dark Master x1; Dark Skeleton x1; Dathor Scale x2; Death Mask x1; Death Watcher's x1; Dense Hammered x1; Diaku Blood x1; Diaku Forged x3; Dream Weaver x3; Elysian Armplates x1; Elysian Boots x1; Elysian Crown x1; Emberstone x1; Erudite Meat x1; Essence of x1; Exquisite Platinum x1; Exquisite Silk x1; Fire Mephit x1; Flame Encased x1; Flawless Yellow x1; Flayed Paebala x1; Fyr Jen's x1; Half of x1; Helm of x1; Hive Fiend's x2; Jade Ring x1; Large Bone x1; Large Zelniak x1; Lucidem x1; Luclinite x1; Luggald Dagger x1; Mace of x1; Metallic Substance x1; Mithril Amulet x1; Nilitim's Grimoire x1; Nodding Blue x1; Phase Spider x1; Phosphorous Powder x1; Pliable Goo x1; Quality Plated x1; Rage Filled x1; Raw Shimmering x1; Rhodocrosite x1; Rune of x1; Sarcoscypha Fungus x1; Shadow Weave x2; Shadowy Assassin x1; Shadowy Assassin's x2; Shadowy Dirk x1; Shiv x1; Skull Charm x1; Skull Marked x3; Smashed War x1; Song: Battlecry x1; Spell: Cannibalize x1; Spell: Epitaph x1; Spell: Guard x1; Spell: Spirit x1; Spell: Words x1; Stralagite x1; Stratolite x1; Sunshard Ore x1; Sunshard Pebble x1; Tome of x5; Torn Page x1; Vah Shir x3; Velium Embossed x1; Velium Gemmed x1; Velium Warhammer x1; Warblade of x1; Windstone x1; Words of x1; Wretched Pauldrons x1
2026-10-03 18:09:01 | +11459ms | tome-spike 0.1.0-spike.2 | dump: 105 rows, 5 tomes, 100 other; known disciplines 39 (matched to tomes: 2); details in C:\Users\Public\MacroQuest\Logs/spellspree/spike_multiclass_Kylaeris.log
2026-10-03 18:09:18 | +14331ms | tome-spike 0.1.0-spike.2 | mode dump; vendor(target)="Heldin Swordbreaker"; zone=poknowledge; character=Kylaeris; visible rows=147
2026-10-03 18:09:18 | +14332ms | tome-spike 0.1.0-spike.2 | discipline scan: Me.CombatAbilityCount=unavailable; scanned up to slot 400; last filled slot=40
2026-10-03 18:09:18 | +14332ms | tome-spike 0.1.0-spike.2 | known disciplines by Me.CombatAbility(index): 39: Focused Will Discipline; Resistant Discipline; Provoke; Fearless Discipline; Phantom Wind; Phantom Zephyr; Throw Stone; Bellow; Evasive Discipline; Charge Discipline; Defensive Discipline; Berate; Furious Discipline; Precision Discipline; Fortitude Discipline; Fellstrike Discipline; Aggressive Discipline; Stonewall Discipline; Incite; Spirit of Rage Discipline; Healing Will Discipline; Ashenhand Discipline; Earthwalk Discipline; Hundred Fists Discipline; Innerflame Discipline; Phantom Call; Phantom Echo; Planeswalk Discipline; Speed Focus Discipline; Stonestance Discipline; Thunderkick Discipline; Voiddance Discipline; Whirlwind Discipline; Silentfist Discipline; Mighty Strike Discipline; Bellow of the Mastruq; Elbow Strike; Commanding Voice; Champion's Aura
2026-10-03 18:09:18 | +14332ms | tome-spike 0.1.0-spike.2 | row 1 | "Ancient Blue Jewel of Nimbleness (Enchanted)" | qty=1 | price=7pp 3gp 4sp 9cp | lvl=--
2026-10-03 18:09:18 | +14332ms | tome-spike 0.1.0-spike.2 | row 2 | "Autumn Crocus" | qty=1 | price=0pp 8gp 3sp 9cp | lvl=--
2026-10-03 18:09:18 | +14333ms | tome-spike 0.1.0-spike.2 | row 3 | "Bile Drenched Main-gauche" | qty=1 | price=3pp 4gp 5sp 4cp | lvl=--
2026-10-03 18:09:18 | +14333ms | tome-spike 0.1.0-spike.2 | row 4 | "Binding Powder" | qty=1 | price=4pp 8gp 8sp 2cp | lvl=--
2026-10-03 18:09:18 | +14333ms | tome-spike 0.1.0-spike.2 | row 5 | "Blazing Vambraces" | qty=1 | price=6pp 4gp 0sp 4cp | lvl=--
2026-10-03 18:09:18 | +14333ms | tome-spike 0.1.0-spike.2 | row 6 | "Blue Diamond" | qty=2 | price=393pp 7gp 4sp 9cp | lvl=--
2026-10-03 18:09:18 | +14333ms | tome-spike 0.1.0-spike.2 | row 7 | "Boarding Axe" | qty=1 | price=39pp 6gp 9sp 0cp | lvl=--
2026-10-03 18:09:18 | +14333ms | tome-spike 0.1.0-spike.2 | row 8 | "Bone Chips" | qty=1 | price=0pp 0gp 1sp 9cp | lvl=--
2026-10-03 18:09:18 | +14334ms | tome-spike 0.1.0-spike.2 | row 9 | "Bracelet of the Spiritcharmer" | qty=1 | price=3pp 3gp 5sp 9cp | lvl=--
2026-10-03 18:09:18 | +14334ms | tome-spike 0.1.0-spike.2 | row 10 | "Brick of Ethereal Energy" | qty=1 | price=84pp 0gp 0sp 0cp | lvl=--
2026-10-03 18:09:18 | +14334ms | tome-spike 0.1.0-spike.2 | row 11 | "Brick of Immaculate Steel" | qty=1 | price=84pp 0gp 0sp 0cp | lvl=--
2026-10-03 18:09:18 | +14345ms | tome-spike 0.1.0-spike.2 | row 12 | "Bubonian Blood" | qty=1 | price=15pp 7gp 4sp 9cp | lvl=--
2026-10-03 18:09:18 | +14345ms | tome-spike 0.1.0-spike.2 | row 13 | "Card of Bristlebane" | qty=1 | price=7pp 5gp 5sp 9cp | lvl=--
2026-10-03 18:09:18 | +14346ms | tome-spike 0.1.0-spike.2 | row 14 | "Charred Arachnid Thorax" | qty=1 | price=10pp 2gp 3sp 7cp | lvl=--
2026-10-03 18:09:18 | +14346ms | tome-spike 0.1.0-spike.2 | row 15 | "Circled Toe Bones" | qty=1 | price=3pp 6gp 7sp 4cp | lvl=--
2026-10-03 18:09:18 | +14346ms | tome-spike 0.1.0-spike.2 | row 16 | "Corruption Powder" | qty=1 | price=0pp 0gp 0sp 2cp | lvl=--
2026-10-03 18:09:18 | +14346ms | tome-spike 0.1.0-spike.2 | row 17 | "Crown of the Hive" | qty=1 | price=209pp 9gp 9sp 9cp | lvl=--
2026-10-03 18:09:18 | +14347ms | tome-spike 0.1.0-spike.2 | row 18 | "Crystallized Sulfur" | qty=1 | price=0pp 3gp 0sp 2cp | lvl=--
2026-10-03 18:09:18 | +14347ms | tome-spike 0.1.0-spike.2 | row 19 | "Dark Skeleton Remains" | qty=1 | price=0pp 0gp 0sp 2cp | lvl=--
2026-10-03 18:09:18 | +14347ms | tome-spike 0.1.0-spike.2 | row 20 | "Dark Steel Great Staff" | qty=1 | price=122pp 8gp 4sp 9cp | lvl=--
2026-10-03 18:09:18 | +14347ms | tome-spike 0.1.0-spike.2 | row 21 | "Dathor Scale Helm" | qty=3 | price=209pp 9gp 9sp 9cp | lvl=--
2026-10-03 18:09:18 | +14347ms | tome-spike 0.1.0-spike.2 | row 22 | "Dathor Scale Helm (Enchanted)" | qty=3 | price=209pp 9gp 9sp 9cp | lvl=--
2026-10-03 18:09:18 | +14347ms | tome-spike 0.1.0-spike.2 | row 23 | "Death Mask of the Elysians" | qty=1 | price=209pp 9gp 9sp 9cp | lvl=--
2026-10-03 18:09:18 | +14348ms | tome-spike 0.1.0-spike.2 | row 24 | "Death Mask of the Elysians (Enchanted)" | qty=1 | price=209pp 9gp 9sp 9cp | lvl=--
2026-10-03 18:09:18 | +14348ms | tome-spike 0.1.0-spike.2 | row 25 | "Death Watcher's Shroud" | qty=1 | price=209pp 9gp 9sp 9cp | lvl=--
2026-10-03 18:09:18 | +14348ms | tome-spike 0.1.0-spike.2 | row 26 | "Death Watcher's Shroud (Enchanted)" | qty=2 | price=209pp 9gp 9sp 9cp | lvl=--
2026-10-03 18:09:18 | +14348ms | tome-spike 0.1.0-spike.2 | row 27 | "Decayed Visor" | qty=1 | price=0pp 0gp 0sp 2cp | lvl=--
2026-10-03 18:09:18 | +14348ms | tome-spike 0.1.0-spike.2 | row 28 | "Diaku Blood" | qty=1 | price=6pp 2gp 9sp 9cp | lvl=--
2026-10-03 18:09:18 | +14349ms | tome-spike 0.1.0-spike.2 | row 29 | "Diaku Forged Maul" | qty=2 | price=26pp 2gp 4sp 9cp | lvl=--
2026-10-03 18:09:18 | +14349ms | tome-spike 0.1.0-spike.2 | row 30 | "Diaku Forged Sword" | qty=1 | price=26pp 2gp 4sp 9cp | lvl=--
2026-10-03 18:09:18 | +14349ms | tome-spike 0.1.0-spike.2 | row 31 | "Diamond" | qty=1 | price=315pp 0gp 0sp 0cp | lvl=--
2026-10-03 18:09:18 | +14349ms | tome-spike 0.1.0-spike.2 | row 32 | "Diseased Bubonian Tooth" | qty=1 | price=124pp 4gp 2sp 4cp | lvl=--
2026-10-03 18:09:18 | +14350ms | tome-spike 0.1.0-spike.2 | row 33 | "Dream Weaver Choker" | qty=1 | price=1pp 1gp 5sp 5cp | lvl=--
2026-10-03 18:09:18 | +14350ms | tome-spike 0.1.0-spike.2 | row 34 | "Dream Weaver Webshield" | qty=1 | price=0pp 0gp 2sp 1cp | lvl=--
2026-10-03 18:09:18 | +14350ms | tome-spike 0.1.0-spike.2 | row 35 | "Elysian Bracelet (Enchanted)" | qty=1 | price=8pp 6gp 1sp 0cp | lvl=--
2026-10-03 18:09:18 | +14350ms | tome-spike 0.1.0-spike.2 | row 36 | "Elysian Gloves" | qty=1 | price=3pp 0gp 4sp 4cp | lvl=--
2026-10-03 18:09:18 | +14350ms | tome-spike 0.1.0-spike.2 | row 37 | "Emberstone" | qty=2 | price=20pp 4gp 7sp 5cp | lvl=--
2026-10-03 18:09:18 | +14350ms | tome-spike 0.1.0-spike.2 | row 38 | "Emerald Ring" | qty=1 | price=102pp 3gp 7sp 4cp | lvl=--
2026-10-03 18:09:18 | +14351ms | tome-spike 0.1.0-spike.2 | row 39 | "Essence of Darkness" | qty=8 | price=5pp 2gp 5sp 0cp | lvl=--
2026-10-03 18:09:18 | +14351ms | tome-spike 0.1.0-spike.2 | row 40 | "Fire-veined Stone" | qty=1 | price=31pp 4gp 9sp 9cp | lvl=--
2026-10-03 18:09:18 | +14351ms | tome-spike 0.1.0-spike.2 | row 41 | "Flesh Eater's Eye" | qty=1 | price=209pp 9gp 9sp 9cp | lvl=--
2026-10-03 18:09:18 | +14351ms | tome-spike 0.1.0-spike.2 | row 42 | "Fungus-Smeared Bracer" | qty=1 | price=7pp 0gp 3sp 4cp | lvl=--
2026-10-03 18:09:18 | +14351ms | tome-spike 0.1.0-spike.2 | row 43 | "Gantru Charm" | qty=1 | price=209pp 9gp 9sp 9cp | lvl=--
2026-10-03 18:09:18 | +14352ms | tome-spike 0.1.0-spike.2 | row 44 | "Gantru Charm (Enchanted)" | qty=1 | price=209pp 9gp 9sp 9cp | lvl=--
2026-10-03 18:09:18 | +14352ms | tome-spike 0.1.0-spike.2 | row 45 | "Glimmering Statuette" | qty=3 | price=2pp 5gp 2sp 0cp | lvl=--
2026-10-03 18:09:18 | +14361ms | tome-spike 0.1.0-spike.2 | row 46 | "Helm of Raldukan" | qty=2 | price=209pp 9gp 9sp 9cp | lvl=--
2026-10-03 18:09:18 | +14361ms | tome-spike 0.1.0-spike.2 | row 47 | "Hive Fiend's Brain (Enchanted)" | qty=1 | price=209pp 9gp 9sp 9cp | lvl=--
2026-10-03 18:09:18 | +14362ms | tome-spike 0.1.0-spike.2 | row 48 | "Human Blood" | qty=1 | price=1pp 0gp 5sp 0cp | lvl=--
2026-10-03 18:09:18 | +14362ms | tome-spike 0.1.0-spike.2 | row 49 | "Indicolite" | qty=2 | price=15pp 7gp 4sp 9cp | lvl=--
2026-10-03 18:09:18 | +14362ms | tome-spike 0.1.0-spike.2 | row 50 | "Iolite" | qty=1 | price=275pp 6gp 2sp 5cp | lvl=--
2026-10-03 18:09:18 | +14362ms | tome-spike 0.1.0-spike.2 | row 51 | "Luclinite" | qty=2 | price=133pp 8gp 7sp 5cp | lvl=--
2026-10-03 18:09:18 | +14363ms | tome-spike 0.1.0-spike.2 | row 52 | "Mace of the Fallen Crusader" | qty=1 | price=5pp 8gp 1sp 6cp | lvl=--
2026-10-03 18:09:18 | +14363ms | tome-spike 0.1.0-spike.2 | row 53 | "Mephit Wings" | qty=1 | price=15pp 7gp 4sp 9cp | lvl=--
2026-10-03 18:09:18 | +14363ms | tome-spike 0.1.0-spike.2 | row 54 | "Mithril Amulet (Enchanted)" | qty=1 | price=157pp 5gp 0sp 0cp | lvl=--
2026-10-03 18:09:18 | +14363ms | tome-spike 0.1.0-spike.2 | row 55 | "Nodding Blue Lily" | qty=2 | price=0pp 8gp 3sp 9cp | lvl=--
2026-10-03 18:09:18 | +14363ms | tome-spike 0.1.0-spike.2 | row 56 | "Opal Bracelet (Legendary)" | qty=1 | price=133pp 8gp 7sp 5cp | lvl=--
2026-10-03 18:09:18 | +14363ms | tome-spike 0.1.0-spike.2 | row 57 | "Ornate Miner's Pick (Enchanted)" | qty=1 | price=78pp 7gp 5sp 0cp | lvl=--
2026-10-03 18:09:18 | +14364ms | tome-spike 0.1.0-spike.2 | row 58 | "Other Half of Rallos' Plans" | qty=1 | price=0pp 0gp 0sp 2cp | lvl=--
2026-10-03 18:09:18 | +14364ms | tome-spike 0.1.0-spike.2 | row 59 | "Peridot" | qty=2 | price=15pp 7gp 4sp 9cp | lvl=--
2026-10-03 18:09:18 | +14364ms | tome-spike 0.1.0-spike.2 | row 60 | "Phosphorous Powder" | qty=3 | price=3pp 3gp 0sp 7cp | lvl=--
2026-10-03 18:09:18 | +14364ms | tome-spike 0.1.0-spike.2 | row 61 | "Pliable Goo" | qty=4 | price=0pp 0gp 0sp 2cp | lvl=--
2026-10-03 18:09:18 | +14364ms | tome-spike 0.1.0-spike.2 | row 62 | "Quality Plated Necklace" | qty=1 | price=18pp 9gp 0sp 0cp | lvl=--
2026-10-03 18:09:18 | +14364ms | tome-spike 0.1.0-spike.2 | row 63 | "Rage Filled Gem" | qty=1 | price=165pp 3gp 7sp 5cp | lvl=--
2026-10-03 18:09:18 | +14365ms | tome-spike 0.1.0-spike.2 | row 64 | "Raw Indigo Nihilite" | qty=1 | price=0pp 1gp 0sp 4cp | lvl=--
2026-10-03 18:09:18 | +14365ms | tome-spike 0.1.0-spike.2 | row 65 | "Refined Binding Powder" | qty=1 | price=6pp 7gp 7sp 2cp | lvl=--
2026-10-03 18:09:18 | +14365ms | tome-spike 0.1.0-spike.2 | row 66 | "Rhodocrosite" | qty=3 | price=3pp 9gp 3sp 7cp | lvl=--
2026-10-03 18:09:18 | +14365ms | tome-spike 0.1.0-spike.2 | row 67 | "Rujarkian Rock Powder" | qty=1 | price=0pp 1gp 5sp 7cp | lvl=--
2026-10-03 18:09:18 | +14365ms | tome-spike 0.1.0-spike.2 | row 68 | "Rune of Synergy" | qty=2 | price=7pp 3gp 4sp 9cp | lvl=--
2026-10-03 18:09:18 | +14366ms | tome-spike 0.1.0-spike.2 | row 69 | "Sand-Covered Slate Dagger (Legendary)" | qty=1 | price=6pp 2gp 9sp 9cp | lvl=--
2026-10-03 18:09:18 | +14366ms | tome-spike 0.1.0-spike.2 | row 70 | "Scale Ore" | qty=1 | price=0pp 1gp 5sp 7cp | lvl=--
2026-10-03 18:09:18 | +14366ms | tome-spike 0.1.0-spike.2 | row 71 | "Shadow Weave Ring" | qty=1 | price=209pp 9gp 9sp 9cp | lvl=--
2026-10-03 18:09:18 | +14366ms | tome-spike 0.1.0-spike.2 | row 72 | "Shadow Weave Ring (Enchanted)" | qty=1 | price=209pp 9gp 9sp 9cp | lvl=--
2026-10-03 18:09:18 | +14367ms | tome-spike 0.1.0-spike.2 | row 73 | "Shadowy Assassin Sash" | qty=6 | price=2100pp 0gp 0sp 0cp | lvl=--
2026-10-03 18:09:18 | +14367ms | tome-spike 0.1.0-spike.2 | row 74 | "Shadowy Assassin Sash (Enchanted)" | qty=1 | price=2100pp 0gp 0sp 0cp | lvl=--
2026-10-03 18:09:18 | +14367ms | tome-spike 0.1.0-spike.2 | row 75 | "Shadowy Assassin's Cape" | qty=1 | price=209pp 9gp 9sp 9cp | lvl=--
2026-10-03 18:09:18 | +14367ms | tome-spike 0.1.0-spike.2 | row 76 | "Shadowy Assassin's Cape (Enchanted)" | qty=2 | price=209pp 9gp 9sp 9cp | lvl=--
2026-10-03 18:09:18 | +14367ms | tome-spike 0.1.0-spike.2 | row 77 | "Shadowy Dirk (Enchanted)" | qty=1 | price=209pp 9gp 9sp 9cp | lvl=--
2026-10-03 18:09:18 | +14367ms | tome-spike 0.1.0-spike.2 | row 78 | "Skill: Bloodlust Aura" | qty=-- | price=627pp 7gp 1sp 6cp | lvl= 70
2026-10-03 18:09:18 | +14377ms | tome-spike 0.1.0-spike.2 | row 79 | "Skill: Cry Havoc" | qty=-- | price=525pp 8gp 2sp 0cp | lvl= 68
2026-10-03 18:09:18 | +14377ms | tome-spike 0.1.0-spike.2 | row 80 | "Skull Charm" | qty=2 | price=5pp 6gp 6sp 9cp | lvl=--
2026-10-03 18:09:18 | +14377ms | tome-spike 0.1.0-spike.2 | row 81 | "Skull Marked Shield" | qty=1 | price=209pp 9gp 9sp 9cp | lvl=--
2026-10-03 18:09:18 | +14378ms | tome-spike 0.1.0-spike.2 | row 82 | "Skull Marked Shield (Enchanted)" | qty=3 | price=209pp 9gp 9sp 9cp | lvl=--
2026-10-03 18:09:18 | +14378ms | tome-spike 0.1.0-spike.2 | row 83 | "Skull Marked Shield (Legendary)" | qty=2 | price=209pp 9gp 9sp 9cp | lvl=--
2026-10-03 18:09:18 | +14378ms | tome-spike 0.1.0-spike.2 | row 84 | "Smashed War Grubs" | qty=1 | price=6pp 2gp 9sp 9cp | lvl=--
2026-10-03 18:09:18 | +14378ms | tome-spike 0.1.0-spike.2 | row 85 | "Spell: Death Peace" | qty=1 | price=23pp 5gp 1sp 9cp | lvl= 60
2026-10-03 18:09:18 | +14378ms | tome-spike 0.1.0-spike.2 | row 86 | "Spell: Disinfecting Aura" | qty=1 | price=76pp 2gp 9sp 0cp | lvl= 52
2026-10-03 18:09:18 | +14379ms | tome-spike 0.1.0-spike.2 | row 87 | "Spell: Plague of Insects" | qty=2 | price=89pp 3gp 6sp 7cp | lvl= 54
2026-10-03 18:09:18 | +14379ms | tome-spike 0.1.0-spike.2 | row 88 | "Spell: Veil of Elements" | qty=1 | price=89pp 5gp 6sp 2cp | lvl= 54
2026-10-03 18:09:18 | +14379ms | tome-spike 0.1.0-spike.2 | row 89 | "Spell: Words of Tranquility" | qty=2 | price=88pp 3gp 2sp 8cp | lvl= 54
2026-10-03 18:09:18 | +14380ms | tome-spike 0.1.0-spike.2 | row 90 | "Stralagite" | qty=1 | price=20pp 4gp 7sp 5cp | lvl=--
2026-10-03 18:09:18 | +14380ms | tome-spike 0.1.0-spike.2 | row 91 | "Sunshard Ore" | qty=1 | price=0pp 0gp 7sp 8cp | lvl=--
2026-10-03 18:09:18 | +14380ms | tome-spike 0.1.0-spike.2 | row 92 | "Sunshard Pebble" | qty=4 | price=0pp 0gp 1sp 5cp | lvl=--
2026-10-03 18:09:18 | +14380ms | tome-spike 0.1.0-spike.2 | row 93 | "Sunshard Powder" | qty=1 | price=1pp 0gp 5sp 0cp | lvl=--
2026-10-03 18:09:18 | +14381ms | tome-spike 0.1.0-spike.2 | row 94 | "Tegi Scales" | qty=3 | price=9pp 4gp 5sp 0cp | lvl=--
2026-10-03 18:09:18 | +14381ms | tome-spike 0.1.0-spike.2 | row 95 | "Tome of Balanced War Axe" | qty=-- | price=3pp 5gp 6sp 9cp | lvl= 25 | derived="Balanced War Axe" | in known list=no | Me.CombatAbility(derived)=nil Name=nil
2026-10-03 18:09:18 | +14381ms | tome-spike 0.1.0-spike.2 | row 96 | "Tome of Battle Cry" | qty=-- | price=6pp 9gp 5sp 9cp | lvl= 30 | derived="Battle Cry" | in known list=no | Me.CombatAbility(derived)=nil Name=nil
2026-10-03 18:09:18 | +14382ms | tome-spike 0.1.0-spike.2 | row 97 | "Tome of Battle Cry of Dravel" | qty=-- | price=97pp 0gp 4sp 0cp | lvl= 57 | derived="Battle Cry of Dravel" | in known list=no | Me.CombatAbility(derived)=nil Name=nil
2026-10-03 18:09:18 | +14382ms | tome-spike 0.1.0-spike.2 | row 98 | "Tome of Battle Cry of the Mastruq" | qty=-- | price=23pp 9gp 8sp 1cp | lvl= 65 | derived="Battle Cry of the Mastruq" | in known list=no | Me.CombatAbility(derived)=nil Name=nil
2026-10-03 18:09:18 | +14382ms | tome-spike 0.1.0-spike.2 | row 99 | "Tome of Battle Focus Discipline" | qty=-- | price=109pp 8gp 6sp 9cp | lvl= 59 | derived="Battle Focus Discipline" | in known list=no | Me.CombatAbility(derived)=nil Name=nil
2026-10-03 18:09:18 | +14383ms | tome-spike 0.1.0-spike.2 | row 100 | "Tome of Battlerage Axe" | qty=-- | price=119pp 9gp 2sp 2cp | lvl= 60 | derived="Battlerage Axe" | in known list=no | Me.CombatAbility(derived)=nil Name=nil
2026-10-03 18:09:18 | +14383ms | tome-spike 0.1.0-spike.2 | row 101 | "Tome of Bearded Axe" | qty=-- | price=0pp 6gp 3sp 0cp | lvl= 15 | derived="Bearded Axe" | in known list=no | Me.CombatAbility(derived)=nil Name=nil
2026-10-03 18:09:18 | +14383ms | tome-spike 0.1.0-spike.2 | row 102 | "Tome of Blind Rage Discipline" | qty=-- | price=101pp 9gp 3sp 1cp | lvl= 58 | derived="Blind Rage Discipline" | in known list=no | Me.CombatAbility(derived)=nil Name=nil
2026-10-03 18:09:18 | +14384ms | tome-spike 0.1.0-spike.2 | row 103 | "Tome of Bloodseeker's Axe" | qty=-- | price=82pp 9gp 4sp 1cp | lvl= 55 | derived="Bloodseeker's Axe" | in known list=no | Me.CombatAbility(derived)=nil Name=nil
2026-10-03 18:09:18 | +14384ms | tome-spike 0.1.0-spike.2 | row 104 | "Tome of Blunt Axe" | qty=-- | price=0pp 0gp 5sp 8cp | lvl=  5 | derived="Blunt Axe" | in known list=no | Me.CombatAbility(derived)=nil Name=nil
2026-10-03 18:09:18 | +14384ms | tome-spike 0.1.0-spike.2 | row 105 | "Tome of Bonesplicer Axe" | qty=-- | price=7pp 0gp 0sp 1cp | lvl= 30 | derived="Bonesplicer Axe" | in known list=no | Me.CombatAbility(derived)=nil Name=nil
2026-10-03 18:09:18 | +14384ms | tome-spike 0.1.0-spike.2 | row 106 | "Tome of Burning Rage Discipline" | qty=-- | price=117pp 9gp 7sp 5cp | lvl= 60 | derived="Burning Rage Discipline" | in known list=no | Me.CombatAbility(derived)=nil Name=nil
2026-10-03 18:09:18 | +14385ms | tome-spike 0.1.0-spike.2 | row 107 | "Tome of Cleaving Anger Discipline" | qty=-- | price=207pp 0gp 7sp 0cp | lvl= 65 | derived="Cleaving Anger Discipline" | in known list=no | Me.CombatAbility(derived)=nil Name=nil
2026-10-03 18:09:18 | +14385ms | tome-spike 0.1.0-spike.2 | row 108 | "Tome of Cleaving Rage Discipline" | qty=-- | price=76pp 8gp 2sp 2cp | lvl= 54 | derived="Cleaving Rage Discipline" | in known list=no | Me.CombatAbility(derived)=nil Name=nil
2026-10-03 18:09:18 | +14385ms | tome-spike 0.1.0-spike.2 | row 109 | "Tome of Cold Steel Cleaving Axe" | qty=-- | price=21pp 1gp 0sp 0cp | lvl= 40 | derived="Cold Steel Cleaving Axe" | in known list=no | Me.CombatAbility(derived)=nil Name=nil
2026-10-03 18:09:18 | +14396ms | tome-spike 0.1.0-spike.2 | row 110 | "Tome of Confusing Strike" | qty=-- | price=211pp 2gp 1sp 7cp | lvl= 65 | derived="Confusing Strike" | in known list=no | Me.CombatAbility(derived)=nil Name=nil
2026-10-03 18:09:18 | +14397ms | tome-spike 0.1.0-spike.2 | row 111 | "Tome of Corroded Axe" | qty=-- | price=0pp 0gp 4sp 2cp | lvl=  1 | derived="Corroded Axe" | in known list=no | Me.CombatAbility(derived)=nil Name=nil
2026-10-03 18:09:18 | +14397ms | tome-spike 0.1.0-spike.2 | row 112 | "Tome of Deathfury Axe" | qty=-- | price=211pp 4gp 9sp 7cp | lvl= 65 | derived="Deathfury Axe" | in known list=no | Me.CombatAbility(derived)=nil Name=nil
2026-10-03 18:09:18 | +14397ms | tome-spike 0.1.0-spike.2 | row 113 | "Tome of Distracting Strike" | qty=-- | price=43pp 4gp 5sp 7cp | lvl= 48 | derived="Distracting Strike" | in known list=no | Me.CombatAbility(derived)=nil Name=nil
2026-10-03 18:09:18 | +14398ms | tome-spike 0.1.0-spike.2 | row 114 | "Tome of Diversive Strike" | qty=-- | price=3pp 1gp 4sp 1cp | lvl= 24 | derived="Diversive Strike" | in known list=no | Me.CombatAbility(derived)=nil Name=nil
2026-10-03 18:09:18 | +14398ms | tome-spike 0.1.0-spike.2 | row 115 | "Tome of Elbow Strike" | qty=-- | price=0pp 0gp 5sp 8cp | lvl=  5 | derived="Elbow Strike" | in known list=YES | Me.CombatAbility(derived)=38 Name=nil
2026-10-03 18:09:18 | +14399ms | tome-spike 0.1.0-spike.2 | row 116 | "Tome of Fearless Discipline" | qty=-- | price=21pp 0gp 9sp 0cp | lvl= 40 | derived="Fearless Discipline" | in known list=YES | Me.CombatAbility(derived)=4 Name=nil
2026-10-03 18:09:18 | +14399ms | tome-spike 0.1.0-spike.2 | row 117 | "Tome of Fleshtear Axe" | qty=-- | price=12pp 7gp 1sp 3cp | lvl= 35 | derived="Fleshtear Axe" | in known list=no | Me.CombatAbility(derived)=nil Name=nil
2026-10-03 18:09:18 | +14399ms | tome-spike 0.1.0-spike.2 | row 118 | "Tome of Focused Fury Discipline" | qty=-- | price=97pp 2gp 0sp 8cp | lvl= 57 | derived="Focused Fury Discipline" | in known list=no | Me.CombatAbility(derived)=nil Name=nil
2026-10-03 18:09:18 | +14399ms | tome-spike 0.1.0-spike.2 | row 119 | "Tome of Focused Will Discipline" | qty=-- | price=0pp 1gp 9sp 3cp | lvl= 10 | derived="Focused Will Discipline" | in known list=YES | Me.CombatAbility(derived)=1 Name=nil
2026-10-03 18:09:18 | +14400ms | tome-spike 0.1.0-spike.2 | row 120 | "Tome of Head Crush" | qty=-- | price=119pp 3gp 1sp 5cp | lvl= 60 | derived="Head Crush" | in known list=no | Me.CombatAbility(derived)=nil Name=nil
2026-10-03 18:09:18 | +14400ms | tome-spike 0.1.0-spike.2 | row 121 | "Tome of Head Pummel" | qty=-- | price=21pp 2gp 1sp 8cp | lvl= 40 | derived="Head Pummel" | in known list=no | Me.CombatAbility(derived)=nil Name=nil
2026-10-03 18:09:18 | +14400ms | tome-spike 0.1.0-spike.2 | row 122 | "Tome of Head Strike" | qty=-- | price=0pp 7gp 6sp 8cp | lvl= 16 | derived="Head Strike" | in known list=no | Me.CombatAbility(derived)=nil Name=nil
2026-10-03 18:09:18 | +14401ms | tome-spike 0.1.0-spike.2 | row 123 | "Tome of Healing Will Discipline" | qty=-- | price=168pp 4gp 8sp 5cp | lvl= 63 | derived="Healing Will Discipline" | in known list=YES | Me.CombatAbility(derived)=22 Name=nil
2026-10-03 18:09:18 | +14401ms | tome-spike 0.1.0-spike.2 | row 124 | "Tome of Indomitable Discipline" | qty=-- | price=167pp 5gp 5sp 4cp | lvl= 63 | derived="Indomitable Discipline" | in known list=no | Me.CombatAbility(derived)=nil Name=nil
2026-10-03 18:09:18 | +14401ms | tome-spike 0.1.0-spike.2 | row 125 | "Tome of Inspired Anger Discipline" | qty=-- | price=71pp 7gp 8sp 0cp | lvl= 53 | derived="Inspired Anger Discipline" | in known list=no | Me.CombatAbility(derived)=nil Name=nil
2026-10-03 18:09:18 | +14401ms | tome-spike 0.1.0-spike.2 | row 126 | "Tome of Leg Cut" | qty=-- | price=8pp 8gp 2sp 4cp | lvl= 32 | derived="Leg Cut" | in known list=no | Me.CombatAbility(derived)=nil Name=nil
2026-10-03 18:09:18 | +14402ms | tome-spike 0.1.0-spike.2 | row 127 | "Tome of Leg Slice" | qty=-- | price=75pp 8gp 3sp 3cp | lvl= 54 | derived="Leg Slice" | in known list=no | Me.CombatAbility(derived)=nil Name=nil
2026-10-03 18:09:18 | +14402ms | tome-spike 0.1.0-spike.2 | row 128 | "Tome of Leg Strike" | qty=-- | price=0pp 1gp 1sp 5cp | lvl=  8 | derived="Leg Strike" | in known list=no | Me.CombatAbility(derived)=nil Name=nil
2026-10-03 18:09:18 | +14403ms | tome-spike 0.1.0-spike.2 | row 129 | "Tome of Mithril Axe" | qty=-- | price=1pp 6gp 3sp 3cp | lvl= 20 | derived="Mithril Axe" | in known list=no | Me.CombatAbility(derived)=nil Name=nil
2026-10-03 18:09:18 | +14403ms | tome-spike 0.1.0-spike.2 | row 130 | "Tome of Mithril Bloodaxe" | qty=-- | price=33pp 4gp 5sp 7cp | lvl= 45 | derived="Mithril Bloodaxe" | in known list=no | Me.CombatAbility(derived)=nil Name=nil
2026-10-03 18:09:18 | +14403ms | tome-spike 0.1.0-spike.2 | row 131 | "Tome of Rage Axe" | qty=-- | price=51pp 8gp 6sp 9cp | lvl= 50 | derived="Rage Axe" | in known list=no | Me.CombatAbility(derived)=nil Name=nil
2026-10-03 18:09:18 | +14404ms | tome-spike 0.1.0-spike.2 | row 132 | "Tome of Reckless Discipline" | qty=-- | price=90pp 1gp 3sp 4cp | lvl= 56 | derived="Reckless Discipline" | in known list=no | Me.CombatAbility(derived)=nil Name=nil
2026-10-03 18:09:18 | +14404ms | tome-spike 0.1.0-spike.2 | row 133 | "Tome of Resistant Discipline" | qty=-- | price=6pp 9gp 9sp 7cp | lvl= 30 | derived="Resistant Discipline" | in known list=YES | Me.CombatAbility(derived)=2 Name=nil
2026-10-03 18:09:18 | +14404ms | tome-spike 0.1.0-spike.2 | row 134 | "Tome of Sprint Discipline" | qty=-- | price=149pp 0gp 5sp 8cp | lvl= 61 | derived="Sprint Discipline" | in known list=no | Me.CombatAbility(derived)=nil Name=nil
2026-10-03 18:09:18 | +14405ms | tome-spike 0.1.0-spike.2 | row 135 | "Tome of Steel Axe" | qty=-- | price=0pp 1gp 9sp 3cp | lvl= 10 | derived="Steel Axe" | in known list=no | Me.CombatAbility(derived)=nil Name=nil
2026-10-03 18:09:18 | +14405ms | tome-spike 0.1.0-spike.2 | row 136 | "Tome of Tainted Axe of Hatred" | qty=-- | price=184pp 6gp 9sp 7cp | lvl= 65 | derived="Tainted Axe of Hatred" | in known list=no | Me.CombatAbility(derived)=nil Name=nil
2026-10-03 18:09:18 | +14405ms | tome-spike 0.1.0-spike.2 | row 137 | "Tome of Throw Stone" | qty=-- | price=0pp 0gp 4sp 2cp | lvl=  1 | derived="Throw Stone" | in known list=YES | Me.CombatAbility(derived)=7 Name=nil
2026-10-03 18:09:18 | +14405ms | tome-spike 0.1.0-spike.2 | row 138 | "Tome of War Cry" | qty=-- | price=51pp 5gp 1sp 2cp | lvl= 50 | derived="War Cry" | in known list=no | Me.CombatAbility(derived)=nil Name=nil
2026-10-03 18:09:18 | +14406ms | tome-spike 0.1.0-spike.2 | row 139 | "Tome of War Cry of Dravel" | qty=-- | price=181pp 8gp 7sp 8cp | lvl= 64 | derived="War Cry of Dravel" | in known list=no | Me.CombatAbility(derived)=nil Name=nil
2026-10-03 18:09:18 | +14406ms | tome-spike 0.1.0-spike.2 | row 140 | "Vah Shir Skin Robe" | qty=1 | price=209pp 9gp 9sp 9cp | lvl=--
2026-10-03 18:09:18 | +14406ms | tome-spike 0.1.0-spike.2 | row 141 | "Vah Shir Skin Robe (Legendary)" | qty=1 | price=209pp 9gp 9sp 9cp | lvl=--
2026-10-03 18:09:18 | +14415ms | tome-spike 0.1.0-spike.2 | row 142 | "Warblade of the Fallen" | qty=1 | price=2100pp 0gp 0sp 0cp | lvl=--
2026-10-03 18:09:18 | +14415ms | tome-spike 0.1.0-spike.2 | row 143 | "Wicked Bone Atlatl" | qty=1 | price=7pp 6gp 6sp 4cp | lvl=--
2026-10-03 18:09:18 | +14415ms | tome-spike 0.1.0-spike.2 | row 144 | "Windstone" | qty=9 | price=26pp 7gp 7sp 4cp | lvl=--
2026-10-03 18:09:18 | +14416ms | tome-spike 0.1.0-spike.2 | row 145 | "Words of Anguish" | qty=1 | price=6pp 7gp 1sp 9cp | lvl=--
2026-10-03 18:09:18 | +14416ms | tome-spike 0.1.0-spike.2 | row 146 | "Words of Grappling" | qty=1 | price=5pp 2gp 5sp 0cp | lvl=--
2026-10-03 18:09:18 | +14416ms | tome-spike 0.1.0-spike.2 | row 147 | "Wretched Pauldrons" | qty=1 | price=209pp 9gp 9sp 9cp | lvl=--
2026-10-03 18:09:18 | +14416ms | tome-spike 0.1.0-spike.2 | summary: 147 rows; 45 start with "Tome of "; 102 other rows; the discipline named by the tome is in the known list for 6, not for 39; name prefixes: Ancient Blue x1; Autumn Crocus x1; Bile Drenched x1; Binding Powder x1; Blazing Vambraces x1; Blue Diamond x1; Boarding Axe x1; Bone Chips x1; Bracelet of x1; Brick of x2; Bubonian Blood x1; Card of x1; Charred Arachnid x1; Circled Toe x1; Corruption Powder x1; Crown of x1; Crystallized Sulfur x1; Dark Skeleton x1; Dark Steel x1; Dathor Scale x2; Death Mask x2; Death Watcher's x2; Decayed Visor x1; Diaku Blood x1; Diaku Forged x2; Diamond x1; Diseased Bubonian x1; Dream Weaver x2; Elysian Bracelet x1; Elysian Gloves x1; Emberstone x1; Emerald Ring x1; Essence of x1; Fire-veined Stone x1; Flesh Eater's x1; Fungus-Smeared Bracer x1; Gantru Charm x2; Glimmering Statuette x1; Helm of x1; Hive Fiend's x1; Human Blood x1; Indicolite x1; Iolite x1; Luclinite x1; Mace of x1; Mephit Wings x1; Mithril Amulet x1; Nodding Blue x1; Opal Bracelet x1; Ornate Miner's x1; Other Half x1; Peridot x1; Phosphorous Powder x1; Pliable Goo x1; Quality Plated x1; Rage Filled x1; Raw Indigo x1; Refined Binding x1; Rhodocrosite x1; Rujarkian Rock x1; Rune of x1; Sand-Covered Slate x1; Scale Ore x1; Shadow Weave x2; Shadowy Assassin x2; Shadowy Assassin's x2; Shadowy Dirk x1; Skill: Bloodlust x1; Skill: Cry x1; Skull Charm x1; Skull Marked x3; Smashed War x1; Spell: Death x1; Spell: Disinfecting x1; Spell: Plague x1; Spell: Veil x1; Spell: Words x1; Stralagite x1; Sunshard Ore x1; Sunshard Pebble x1; Sunshard Powder x1; Tegi Scales x1; Tome of x45; Vah Shir x2; Warblade of x1; Wicked Bone x1; Windstone x1; Words of x2; Wretched Pauldrons x1
2026-10-03 18:09:18 | +14417ms | tome-spike 0.1.0-spike.2 | dump: 147 rows, 45 tomes, 102 other; known disciplines 39 (matched to tomes: 6); details in C:\Users\Public\MacroQuest\Logs/spellspree/spike_multiclass_Kylaeris.log
2026-10-03 18:09:27 | +7350ms | tome-spike 0.1.0-spike.2 | mode dump; vendor(target)="Heldin Swordbreaker"; zone=poknowledge; character=Kylaeris; visible rows=147
2026-10-03 18:09:27 | +7351ms | tome-spike 0.1.0-spike.2 | discipline scan: Me.CombatAbilityCount=unavailable; scanned up to slot 400; last filled slot=40
2026-10-03 18:09:27 | +7351ms | tome-spike 0.1.0-spike.2 | known disciplines by Me.CombatAbility(index): 39: Focused Will Discipline; Resistant Discipline; Provoke; Fearless Discipline; Phantom Wind; Phantom Zephyr; Throw Stone; Bellow; Evasive Discipline; Charge Discipline; Defensive Discipline; Berate; Furious Discipline; Precision Discipline; Fortitude Discipline; Fellstrike Discipline; Aggressive Discipline; Stonewall Discipline; Incite; Spirit of Rage Discipline; Healing Will Discipline; Ashenhand Discipline; Earthwalk Discipline; Hundred Fists Discipline; Innerflame Discipline; Phantom Call; Phantom Echo; Planeswalk Discipline; Speed Focus Discipline; Stonestance Discipline; Thunderkick Discipline; Voiddance Discipline; Whirlwind Discipline; Silentfist Discipline; Mighty Strike Discipline; Bellow of the Mastruq; Elbow Strike; Commanding Voice; Champion's Aura
2026-10-03 18:09:27 | +7351ms | tome-spike 0.1.0-spike.2 | row 1 | "Ancient Blue Jewel of Nimbleness (Enchanted)" | qty=1 | price=7pp 3gp 4sp 9cp | lvl=--
2026-10-03 18:09:27 | +7352ms | tome-spike 0.1.0-spike.2 | row 2 | "Autumn Crocus" | qty=1 | price=0pp 8gp 3sp 9cp | lvl=--
2026-10-03 18:09:27 | +7352ms | tome-spike 0.1.0-spike.2 | row 3 | "Bile Drenched Main-gauche" | qty=1 | price=3pp 4gp 5sp 4cp | lvl=--
2026-10-03 18:09:27 | +7352ms | tome-spike 0.1.0-spike.2 | row 4 | "Binding Powder" | qty=1 | price=4pp 8gp 8sp 2cp | lvl=--
2026-10-03 18:09:27 | +7352ms | tome-spike 0.1.0-spike.2 | row 5 | "Blazing Vambraces" | qty=1 | price=6pp 4gp 0sp 4cp | lvl=--
2026-10-03 18:09:27 | +7352ms | tome-spike 0.1.0-spike.2 | row 6 | "Blue Diamond" | qty=2 | price=393pp 7gp 4sp 9cp | lvl=--
2026-10-03 18:09:27 | +7353ms | tome-spike 0.1.0-spike.2 | row 7 | "Boarding Axe" | qty=1 | price=39pp 6gp 9sp 0cp | lvl=--
2026-10-03 18:09:27 | +7353ms | tome-spike 0.1.0-spike.2 | row 8 | "Bone Chips" | qty=1 | price=0pp 0gp 1sp 9cp | lvl=--
2026-10-03 18:09:27 | +7353ms | tome-spike 0.1.0-spike.2 | row 9 | "Bracelet of the Spiritcharmer" | qty=1 | price=3pp 3gp 5sp 9cp | lvl=--
2026-10-03 18:09:27 | +7353ms | tome-spike 0.1.0-spike.2 | row 10 | "Brick of Ethereal Energy" | qty=1 | price=84pp 0gp 0sp 0cp | lvl=--
2026-10-03 18:09:27 | +7353ms | tome-spike 0.1.0-spike.2 | row 11 | "Brick of Immaculate Steel" | qty=1 | price=84pp 0gp 0sp 0cp | lvl=--
2026-10-03 18:09:27 | +7354ms | tome-spike 0.1.0-spike.2 | row 12 | "Bubonian Blood" | qty=1 | price=15pp 7gp 4sp 9cp | lvl=--
2026-10-03 18:09:27 | +7368ms | tome-spike 0.1.0-spike.2 | row 13 | "Card of Bristlebane" | qty=1 | price=7pp 5gp 5sp 9cp | lvl=--
2026-10-03 18:09:27 | +7368ms | tome-spike 0.1.0-spike.2 | row 14 | "Charred Arachnid Thorax" | qty=1 | price=10pp 2gp 3sp 7cp | lvl=--
2026-10-03 18:09:27 | +7369ms | tome-spike 0.1.0-spike.2 | row 15 | "Circled Toe Bones" | qty=1 | price=3pp 6gp 7sp 4cp | lvl=--
2026-10-03 18:09:27 | +7369ms | tome-spike 0.1.0-spike.2 | row 16 | "Corruption Powder" | qty=1 | price=0pp 0gp 0sp 2cp | lvl=--
2026-10-03 18:09:27 | +7369ms | tome-spike 0.1.0-spike.2 | row 17 | "Crown of the Hive" | qty=1 | price=209pp 9gp 9sp 9cp | lvl=--
2026-10-03 18:09:27 | +7370ms | tome-spike 0.1.0-spike.2 | row 18 | "Crystallized Sulfur" | qty=1 | price=0pp 3gp 0sp 2cp | lvl=--
2026-10-03 18:09:27 | +7370ms | tome-spike 0.1.0-spike.2 | row 19 | "Dark Skeleton Remains" | qty=1 | price=0pp 0gp 0sp 2cp | lvl=--
2026-10-03 18:09:27 | +7370ms | tome-spike 0.1.0-spike.2 | row 20 | "Dark Steel Great Staff" | qty=1 | price=122pp 8gp 4sp 9cp | lvl=--
2026-10-03 18:09:27 | +7370ms | tome-spike 0.1.0-spike.2 | row 21 | "Dathor Scale Helm" | qty=3 | price=209pp 9gp 9sp 9cp | lvl=--
2026-10-03 18:09:27 | +7370ms | tome-spike 0.1.0-spike.2 | row 22 | "Dathor Scale Helm (Enchanted)" | qty=3 | price=209pp 9gp 9sp 9cp | lvl=--
2026-10-03 18:09:27 | +7371ms | tome-spike 0.1.0-spike.2 | row 23 | "Death Mask of the Elysians" | qty=1 | price=209pp 9gp 9sp 9cp | lvl=--
2026-10-03 18:09:27 | +7371ms | tome-spike 0.1.0-spike.2 | row 24 | "Death Mask of the Elysians (Enchanted)" | qty=1 | price=209pp 9gp 9sp 9cp | lvl=--
2026-10-03 18:09:27 | +7371ms | tome-spike 0.1.0-spike.2 | row 25 | "Death Watcher's Shroud" | qty=1 | price=209pp 9gp 9sp 9cp | lvl=--
2026-10-03 18:09:27 | +7371ms | tome-spike 0.1.0-spike.2 | row 26 | "Death Watcher's Shroud (Enchanted)" | qty=2 | price=209pp 9gp 9sp 9cp | lvl=--
2026-10-03 18:09:27 | +7371ms | tome-spike 0.1.0-spike.2 | row 27 | "Decayed Visor" | qty=1 | price=0pp 0gp 0sp 2cp | lvl=--
2026-10-03 18:09:27 | +7372ms | tome-spike 0.1.0-spike.2 | row 28 | "Diaku Blood" | qty=1 | price=6pp 2gp 9sp 9cp | lvl=--
2026-10-03 18:09:27 | +7372ms | tome-spike 0.1.0-spike.2 | row 29 | "Diaku Forged Maul" | qty=2 | price=26pp 2gp 4sp 9cp | lvl=--
2026-10-03 18:09:27 | +7372ms | tome-spike 0.1.0-spike.2 | row 30 | "Diaku Forged Sword" | qty=1 | price=26pp 2gp 4sp 9cp | lvl=--
2026-10-03 18:09:27 | +7372ms | tome-spike 0.1.0-spike.2 | row 31 | "Diamond" | qty=1 | price=315pp 0gp 0sp 0cp | lvl=--
2026-10-03 18:09:27 | +7372ms | tome-spike 0.1.0-spike.2 | row 32 | "Diseased Bubonian Tooth" | qty=1 | price=124pp 4gp 2sp 4cp | lvl=--
2026-10-03 18:09:27 | +7373ms | tome-spike 0.1.0-spike.2 | row 33 | "Dream Weaver Choker" | qty=1 | price=1pp 1gp 5sp 5cp | lvl=--
2026-10-03 18:09:27 | +7373ms | tome-spike 0.1.0-spike.2 | row 34 | "Dream Weaver Webshield" | qty=1 | price=0pp 0gp 2sp 1cp | lvl=--
2026-10-03 18:09:27 | +7373ms | tome-spike 0.1.0-spike.2 | row 35 | "Elysian Bracelet (Enchanted)" | qty=1 | price=8pp 6gp 1sp 0cp | lvl=--
2026-10-03 18:09:27 | +7373ms | tome-spike 0.1.0-spike.2 | row 36 | "Elysian Gloves" | qty=1 | price=3pp 0gp 4sp 4cp | lvl=--
2026-10-03 18:09:27 | +7374ms | tome-spike 0.1.0-spike.2 | row 37 | "Emberstone" | qty=2 | price=20pp 4gp 7sp 5cp | lvl=--
2026-10-03 18:09:27 | +7374ms | tome-spike 0.1.0-spike.2 | row 38 | "Emerald Ring" | qty=1 | price=102pp 3gp 7sp 4cp | lvl=--
2026-10-03 18:09:27 | +7374ms | tome-spike 0.1.0-spike.2 | row 39 | "Essence of Darkness" | qty=8 | price=5pp 2gp 5sp 0cp | lvl=--
2026-10-03 18:09:27 | +7374ms | tome-spike 0.1.0-spike.2 | row 40 | "Fire-veined Stone" | qty=1 | price=31pp 4gp 9sp 9cp | lvl=--
2026-10-03 18:09:27 | +7375ms | tome-spike 0.1.0-spike.2 | row 41 | "Flesh Eater's Eye" | qty=1 | price=209pp 9gp 9sp 9cp | lvl=--
2026-10-03 18:09:27 | +7375ms | tome-spike 0.1.0-spike.2 | row 42 | "Fungus-Smeared Bracer" | qty=1 | price=7pp 0gp 3sp 4cp | lvl=--
2026-10-03 18:09:27 | +7376ms | tome-spike 0.1.0-spike.2 | row 43 | "Gantru Charm" | qty=1 | price=209pp 9gp 9sp 9cp | lvl=--
2026-10-03 18:09:27 | +7376ms | tome-spike 0.1.0-spike.2 | row 44 | "Gantru Charm (Enchanted)" | qty=1 | price=209pp 9gp 9sp 9cp | lvl=--
2026-10-03 18:09:27 | +7376ms | tome-spike 0.1.0-spike.2 | row 45 | "Glimmering Statuette" | qty=3 | price=2pp 5gp 2sp 0cp | lvl=--
2026-10-03 18:09:27 | +7376ms | tome-spike 0.1.0-spike.2 | row 46 | "Helm of Raldukan" | qty=2 | price=209pp 9gp 9sp 9cp | lvl=--
2026-10-03 18:09:27 | +7386ms | tome-spike 0.1.0-spike.2 | row 47 | "Hive Fiend's Brain (Enchanted)" | qty=1 | price=209pp 9gp 9sp 9cp | lvl=--
2026-10-03 18:09:27 | +7386ms | tome-spike 0.1.0-spike.2 | row 48 | "Human Blood" | qty=1 | price=1pp 0gp 5sp 0cp | lvl=--
2026-10-03 18:09:27 | +7387ms | tome-spike 0.1.0-spike.2 | row 49 | "Indicolite" | qty=2 | price=15pp 7gp 4sp 9cp | lvl=--
2026-10-03 18:09:27 | +7387ms | tome-spike 0.1.0-spike.2 | row 50 | "Iolite" | qty=1 | price=275pp 6gp 2sp 5cp | lvl=--
2026-10-03 18:09:27 | +7387ms | tome-spike 0.1.0-spike.2 | row 51 | "Luclinite" | qty=2 | price=133pp 8gp 7sp 5cp | lvl=--
2026-10-03 18:09:27 | +7387ms | tome-spike 0.1.0-spike.2 | row 52 | "Mace of the Fallen Crusader" | qty=1 | price=5pp 8gp 1sp 6cp | lvl=--
2026-10-03 18:09:27 | +7387ms | tome-spike 0.1.0-spike.2 | row 53 | "Mephit Wings" | qty=1 | price=15pp 7gp 4sp 9cp | lvl=--
2026-10-03 18:09:27 | +7388ms | tome-spike 0.1.0-spike.2 | row 54 | "Mithril Amulet (Enchanted)" | qty=1 | price=157pp 5gp 0sp 0cp | lvl=--
2026-10-03 18:09:27 | +7388ms | tome-spike 0.1.0-spike.2 | row 55 | "Nodding Blue Lily" | qty=2 | price=0pp 8gp 3sp 9cp | lvl=--
2026-10-03 18:09:27 | +7388ms | tome-spike 0.1.0-spike.2 | row 56 | "Opal Bracelet (Legendary)" | qty=1 | price=133pp 8gp 7sp 5cp | lvl=--
2026-10-03 18:09:27 | +7388ms | tome-spike 0.1.0-spike.2 | row 57 | "Ornate Miner's Pick (Enchanted)" | qty=1 | price=78pp 7gp 5sp 0cp | lvl=--
2026-10-03 18:09:27 | +7388ms | tome-spike 0.1.0-spike.2 | row 58 | "Other Half of Rallos' Plans" | qty=1 | price=0pp 0gp 0sp 2cp | lvl=--
2026-10-03 18:09:27 | +7389ms | tome-spike 0.1.0-spike.2 | row 59 | "Peridot" | qty=2 | price=15pp 7gp 4sp 9cp | lvl=--
2026-10-03 18:09:27 | +7389ms | tome-spike 0.1.0-spike.2 | row 60 | "Phosphorous Powder" | qty=3 | price=3pp 3gp 0sp 7cp | lvl=--
2026-10-03 18:09:27 | +7389ms | tome-spike 0.1.0-spike.2 | row 61 | "Pliable Goo" | qty=4 | price=0pp 0gp 0sp 2cp | lvl=--
2026-10-03 18:09:27 | +7390ms | tome-spike 0.1.0-spike.2 | row 62 | "Quality Plated Necklace" | qty=1 | price=18pp 9gp 0sp 0cp | lvl=--
2026-10-03 18:09:27 | +7390ms | tome-spike 0.1.0-spike.2 | row 63 | "Rage Filled Gem" | qty=1 | price=165pp 3gp 7sp 5cp | lvl=--
2026-10-03 18:09:27 | +7390ms | tome-spike 0.1.0-spike.2 | row 64 | "Raw Indigo Nihilite" | qty=1 | price=0pp 1gp 0sp 4cp | lvl=--
2026-10-03 18:09:27 | +7390ms | tome-spike 0.1.0-spike.2 | row 65 | "Refined Binding Powder" | qty=1 | price=6pp 7gp 7sp 2cp | lvl=--
2026-10-03 18:09:27 | +7390ms | tome-spike 0.1.0-spike.2 | row 66 | "Rhodocrosite" | qty=3 | price=3pp 9gp 3sp 7cp | lvl=--
2026-10-03 18:09:27 | +7391ms | tome-spike 0.1.0-spike.2 | row 67 | "Rujarkian Rock Powder" | qty=1 | price=0pp 1gp 5sp 7cp | lvl=--
2026-10-03 18:09:27 | +7391ms | tome-spike 0.1.0-spike.2 | row 68 | "Rune of Synergy" | qty=2 | price=7pp 3gp 4sp 9cp | lvl=--
2026-10-03 18:09:27 | +7391ms | tome-spike 0.1.0-spike.2 | row 69 | "Sand-Covered Slate Dagger (Legendary)" | qty=1 | price=6pp 2gp 9sp 9cp | lvl=--
2026-10-03 18:09:27 | +7391ms | tome-spike 0.1.0-spike.2 | row 70 | "Scale Ore" | qty=1 | price=0pp 1gp 5sp 7cp | lvl=--
2026-10-03 18:09:27 | +7391ms | tome-spike 0.1.0-spike.2 | row 71 | "Shadow Weave Ring" | qty=1 | price=209pp 9gp 9sp 9cp | lvl=--
2026-10-03 18:09:27 | +7392ms | tome-spike 0.1.0-spike.2 | row 72 | "Shadow Weave Ring (Enchanted)" | qty=1 | price=209pp 9gp 9sp 9cp | lvl=--
2026-10-03 18:09:27 | +7392ms | tome-spike 0.1.0-spike.2 | row 73 | "Shadowy Assassin Sash" | qty=6 | price=2100pp 0gp 0sp 0cp | lvl=--
2026-10-03 18:09:27 | +7392ms | tome-spike 0.1.0-spike.2 | row 74 | "Shadowy Assassin Sash (Enchanted)" | qty=1 | price=2100pp 0gp 0sp 0cp | lvl=--
2026-10-03 18:09:27 | +7392ms | tome-spike 0.1.0-spike.2 | row 75 | "Shadowy Assassin's Cape" | qty=1 | price=209pp 9gp 9sp 9cp | lvl=--
2026-10-03 18:09:27 | +7392ms | tome-spike 0.1.0-spike.2 | row 76 | "Shadowy Assassin's Cape (Enchanted)" | qty=2 | price=209pp 9gp 9sp 9cp | lvl=--
2026-10-03 18:09:27 | +7393ms | tome-spike 0.1.0-spike.2 | row 77 | "Shadowy Dirk (Enchanted)" | qty=1 | price=209pp 9gp 9sp 9cp | lvl=--
2026-10-03 18:09:27 | +7393ms | tome-spike 0.1.0-spike.2 | row 78 | "Skill: Bloodlust Aura" | qty=-- | price=627pp 7gp 1sp 6cp | lvl= 70
2026-10-03 18:09:27 | +7393ms | tome-spike 0.1.0-spike.2 | row 79 | "Skill: Cry Havoc" | qty=-- | price=525pp 8gp 2sp 0cp | lvl= 68
2026-10-03 18:09:27 | +7393ms | tome-spike 0.1.0-spike.2 | row 80 | "Skull Charm" | qty=2 | price=5pp 6gp 6sp 9cp | lvl=--
2026-10-03 18:09:27 | +7404ms | tome-spike 0.1.0-spike.2 | row 81 | "Skull Marked Shield" | qty=1 | price=209pp 9gp 9sp 9cp | lvl=--
2026-10-03 18:09:27 | +7404ms | tome-spike 0.1.0-spike.2 | row 82 | "Skull Marked Shield (Enchanted)" | qty=3 | price=209pp 9gp 9sp 9cp | lvl=--
2026-10-03 18:09:27 | +7404ms | tome-spike 0.1.0-spike.2 | row 83 | "Skull Marked Shield (Legendary)" | qty=2 | price=209pp 9gp 9sp 9cp | lvl=--
2026-10-03 18:09:27 | +7404ms | tome-spike 0.1.0-spike.2 | row 84 | "Smashed War Grubs" | qty=1 | price=6pp 2gp 9sp 9cp | lvl=--
2026-10-03 18:09:27 | +7405ms | tome-spike 0.1.0-spike.2 | row 85 | "Spell: Death Peace" | qty=1 | price=23pp 5gp 1sp 9cp | lvl= 60
2026-10-03 18:09:27 | +7405ms | tome-spike 0.1.0-spike.2 | row 86 | "Spell: Disinfecting Aura" | qty=1 | price=76pp 2gp 9sp 0cp | lvl= 52
2026-10-03 18:09:27 | +7405ms | tome-spike 0.1.0-spike.2 | row 87 | "Spell: Plague of Insects" | qty=2 | price=89pp 3gp 6sp 7cp | lvl= 54
2026-10-03 18:09:27 | +7405ms | tome-spike 0.1.0-spike.2 | row 88 | "Spell: Veil of Elements" | qty=1 | price=89pp 5gp 6sp 2cp | lvl= 54
2026-10-03 18:09:27 | +7405ms | tome-spike 0.1.0-spike.2 | row 89 | "Spell: Words of Tranquility" | qty=2 | price=88pp 3gp 2sp 8cp | lvl= 54
2026-10-03 18:09:27 | +7406ms | tome-spike 0.1.0-spike.2 | row 90 | "Stralagite" | qty=1 | price=20pp 4gp 7sp 5cp | lvl=--
2026-10-03 18:09:27 | +7406ms | tome-spike 0.1.0-spike.2 | row 91 | "Sunshard Ore" | qty=1 | price=0pp 0gp 7sp 8cp | lvl=--
2026-10-03 18:09:27 | +7406ms | tome-spike 0.1.0-spike.2 | row 92 | "Sunshard Pebble" | qty=4 | price=0pp 0gp 1sp 5cp | lvl=--
2026-10-03 18:09:27 | +7406ms | tome-spike 0.1.0-spike.2 | row 93 | "Sunshard Powder" | qty=1 | price=1pp 0gp 5sp 0cp | lvl=--
2026-10-03 18:09:27 | +7407ms | tome-spike 0.1.0-spike.2 | row 94 | "Tegi Scales" | qty=3 | price=9pp 4gp 5sp 0cp | lvl=--
2026-10-03 18:09:27 | +7407ms | tome-spike 0.1.0-spike.2 | row 95 | "Tome of Balanced War Axe" | qty=-- | price=3pp 5gp 6sp 9cp | lvl= 25 | derived="Balanced War Axe" | in known list=no | Me.CombatAbility(derived)=nil Name=nil
2026-10-03 18:09:27 | +7407ms | tome-spike 0.1.0-spike.2 | row 96 | "Tome of Battle Cry" | qty=-- | price=6pp 9gp 5sp 9cp | lvl= 30 | derived="Battle Cry" | in known list=no | Me.CombatAbility(derived)=nil Name=nil
2026-10-03 18:09:27 | +7408ms | tome-spike 0.1.0-spike.2 | row 97 | "Tome of Battle Cry of Dravel" | qty=-- | price=97pp 0gp 4sp 0cp | lvl= 57 | derived="Battle Cry of Dravel" | in known list=no | Me.CombatAbility(derived)=nil Name=nil
2026-10-03 18:09:27 | +7408ms | tome-spike 0.1.0-spike.2 | row 98 | "Tome of Battle Cry of the Mastruq" | qty=-- | price=23pp 9gp 8sp 1cp | lvl= 65 | derived="Battle Cry of the Mastruq" | in known list=no | Me.CombatAbility(derived)=nil Name=nil
2026-10-03 18:09:27 | +7408ms | tome-spike 0.1.0-spike.2 | row 99 | "Tome of Battle Focus Discipline" | qty=-- | price=109pp 8gp 6sp 9cp | lvl= 59 | derived="Battle Focus Discipline" | in known list=no | Me.CombatAbility(derived)=nil Name=nil
2026-10-03 18:09:27 | +7409ms | tome-spike 0.1.0-spike.2 | row 100 | "Tome of Battlerage Axe" | qty=-- | price=119pp 9gp 2sp 2cp | lvl= 60 | derived="Battlerage Axe" | in known list=no | Me.CombatAbility(derived)=nil Name=nil
2026-10-03 18:09:27 | +7409ms | tome-spike 0.1.0-spike.2 | row 101 | "Tome of Bearded Axe" | qty=-- | price=0pp 6gp 3sp 0cp | lvl= 15 | derived="Bearded Axe" | in known list=no | Me.CombatAbility(derived)=nil Name=nil
2026-10-03 18:09:27 | +7410ms | tome-spike 0.1.0-spike.2 | row 102 | "Tome of Blind Rage Discipline" | qty=-- | price=101pp 9gp 3sp 1cp | lvl= 58 | derived="Blind Rage Discipline" | in known list=no | Me.CombatAbility(derived)=nil Name=nil
2026-10-03 18:09:27 | +7410ms | tome-spike 0.1.0-spike.2 | row 103 | "Tome of Bloodseeker's Axe" | qty=-- | price=82pp 9gp 4sp 1cp | lvl= 55 | derived="Bloodseeker's Axe" | in known list=no | Me.CombatAbility(derived)=nil Name=nil
2026-10-03 18:09:27 | +7411ms | tome-spike 0.1.0-spike.2 | row 104 | "Tome of Blunt Axe" | qty=-- | price=0pp 0gp 5sp 8cp | lvl=  5 | derived="Blunt Axe" | in known list=no | Me.CombatAbility(derived)=nil Name=nil
2026-10-03 18:09:27 | +7411ms | tome-spike 0.1.0-spike.2 | row 105 | "Tome of Bonesplicer Axe" | qty=-- | price=7pp 0gp 0sp 1cp | lvl= 30 | derived="Bonesplicer Axe" | in known list=no | Me.CombatAbility(derived)=nil Name=nil
2026-10-03 18:09:27 | +7411ms | tome-spike 0.1.0-spike.2 | row 106 | "Tome of Burning Rage Discipline" | qty=-- | price=117pp 9gp 7sp 5cp | lvl= 60 | derived="Burning Rage Discipline" | in known list=no | Me.CombatAbility(derived)=nil Name=nil
2026-10-03 18:09:27 | +7412ms | tome-spike 0.1.0-spike.2 | row 107 | "Tome of Cleaving Anger Discipline" | qty=-- | price=207pp 0gp 7sp 0cp | lvl= 65 | derived="Cleaving Anger Discipline" | in known list=no | Me.CombatAbility(derived)=nil Name=nil
2026-10-03 18:09:27 | +7412ms | tome-spike 0.1.0-spike.2 | row 108 | "Tome of Cleaving Rage Discipline" | qty=-- | price=76pp 8gp 2sp 2cp | lvl= 54 | derived="Cleaving Rage Discipline" | in known list=no | Me.CombatAbility(derived)=nil Name=nil
2026-10-03 18:09:27 | +7412ms | tome-spike 0.1.0-spike.2 | row 109 | "Tome of Cold Steel Cleaving Axe" | qty=-- | price=21pp 1gp 0sp 0cp | lvl= 40 | derived="Cold Steel Cleaving Axe" | in known list=no | Me.CombatAbility(derived)=nil Name=nil
2026-10-03 18:09:27 | +7413ms | tome-spike 0.1.0-spike.2 | row 110 | "Tome of Confusing Strike" | qty=-- | price=211pp 2gp 1sp 7cp | lvl= 65 | derived="Confusing Strike" | in known list=no | Me.CombatAbility(derived)=nil Name=nil
2026-10-03 18:09:27 | +7426ms | tome-spike 0.1.0-spike.2 | row 111 | "Tome of Corroded Axe" | qty=-- | price=0pp 0gp 4sp 2cp | lvl=  1 | derived="Corroded Axe" | in known list=no | Me.CombatAbility(derived)=nil Name=nil
2026-10-03 18:09:27 | +7427ms | tome-spike 0.1.0-spike.2 | row 112 | "Tome of Deathfury Axe" | qty=-- | price=211pp 4gp 9sp 7cp | lvl= 65 | derived="Deathfury Axe" | in known list=no | Me.CombatAbility(derived)=nil Name=nil
2026-10-03 18:09:27 | +7427ms | tome-spike 0.1.0-spike.2 | row 113 | "Tome of Distracting Strike" | qty=-- | price=43pp 4gp 5sp 7cp | lvl= 48 | derived="Distracting Strike" | in known list=no | Me.CombatAbility(derived)=nil Name=nil
2026-10-03 18:09:27 | +7427ms | tome-spike 0.1.0-spike.2 | row 114 | "Tome of Diversive Strike" | qty=-- | price=3pp 1gp 4sp 1cp | lvl= 24 | derived="Diversive Strike" | in known list=no | Me.CombatAbility(derived)=nil Name=nil
2026-10-03 18:09:27 | +7428ms | tome-spike 0.1.0-spike.2 | row 115 | "Tome of Elbow Strike" | qty=-- | price=0pp 0gp 5sp 8cp | lvl=  5 | derived="Elbow Strike" | in known list=YES | Me.CombatAbility(derived)=38 Name=nil
2026-10-03 18:09:27 | +7428ms | tome-spike 0.1.0-spike.2 | row 116 | "Tome of Fearless Discipline" | qty=-- | price=21pp 0gp 9sp 0cp | lvl= 40 | derived="Fearless Discipline" | in known list=YES | Me.CombatAbility(derived)=4 Name=nil
2026-10-03 18:09:27 | +7429ms | tome-spike 0.1.0-spike.2 | row 117 | "Tome of Fleshtear Axe" | qty=-- | price=12pp 7gp 1sp 3cp | lvl= 35 | derived="Fleshtear Axe" | in known list=no | Me.CombatAbility(derived)=nil Name=nil
2026-10-03 18:09:27 | +7429ms | tome-spike 0.1.0-spike.2 | row 118 | "Tome of Focused Fury Discipline" | qty=-- | price=97pp 2gp 0sp 8cp | lvl= 57 | derived="Focused Fury Discipline" | in known list=no | Me.CombatAbility(derived)=nil Name=nil
2026-10-03 18:09:27 | +7429ms | tome-spike 0.1.0-spike.2 | row 119 | "Tome of Focused Will Discipline" | qty=-- | price=0pp 1gp 9sp 3cp | lvl= 10 | derived="Focused Will Discipline" | in known list=YES | Me.CombatAbility(derived)=1 Name=nil
2026-10-03 18:09:27 | +7430ms | tome-spike 0.1.0-spike.2 | row 120 | "Tome of Head Crush" | qty=-- | price=119pp 3gp 1sp 5cp | lvl= 60 | derived="Head Crush" | in known list=no | Me.CombatAbility(derived)=nil Name=nil
2026-10-03 18:09:27 | +7430ms | tome-spike 0.1.0-spike.2 | row 121 | "Tome of Head Pummel" | qty=-- | price=21pp 2gp 1sp 8cp | lvl= 40 | derived="Head Pummel" | in known list=no | Me.CombatAbility(derived)=nil Name=nil
2026-10-03 18:09:27 | +7431ms | tome-spike 0.1.0-spike.2 | row 122 | "Tome of Head Strike" | qty=-- | price=0pp 7gp 6sp 8cp | lvl= 16 | derived="Head Strike" | in known list=no | Me.CombatAbility(derived)=nil Name=nil
2026-10-03 18:09:27 | +7431ms | tome-spike 0.1.0-spike.2 | row 123 | "Tome of Healing Will Discipline" | qty=-- | price=168pp 4gp 8sp 5cp | lvl= 63 | derived="Healing Will Discipline" | in known list=YES | Me.CombatAbility(derived)=22 Name=nil
2026-10-03 18:09:27 | +7431ms | tome-spike 0.1.0-spike.2 | row 124 | "Tome of Indomitable Discipline" | qty=-- | price=167pp 5gp 5sp 4cp | lvl= 63 | derived="Indomitable Discipline" | in known list=no | Me.CombatAbility(derived)=nil Name=nil
2026-10-03 18:09:27 | +7432ms | tome-spike 0.1.0-spike.2 | row 125 | "Tome of Inspired Anger Discipline" | qty=-- | price=71pp 7gp 8sp 0cp | lvl= 53 | derived="Inspired Anger Discipline" | in known list=no | Me.CombatAbility(derived)=nil Name=nil
2026-10-03 18:09:27 | +7432ms | tome-spike 0.1.0-spike.2 | row 126 | "Tome of Leg Cut" | qty=-- | price=8pp 8gp 2sp 4cp | lvl= 32 | derived="Leg Cut" | in known list=no | Me.CombatAbility(derived)=nil Name=nil
2026-10-03 18:09:27 | +7432ms | tome-spike 0.1.0-spike.2 | row 127 | "Tome of Leg Slice" | qty=-- | price=75pp 8gp 3sp 3cp | lvl= 54 | derived="Leg Slice" | in known list=no | Me.CombatAbility(derived)=nil Name=nil
2026-10-03 18:09:27 | +7433ms | tome-spike 0.1.0-spike.2 | row 128 | "Tome of Leg Strike" | qty=-- | price=0pp 1gp 1sp 5cp | lvl=  8 | derived="Leg Strike" | in known list=no | Me.CombatAbility(derived)=nil Name=nil
2026-10-03 18:09:27 | +7433ms | tome-spike 0.1.0-spike.2 | row 129 | "Tome of Mithril Axe" | qty=-- | price=1pp 6gp 3sp 3cp | lvl= 20 | derived="Mithril Axe" | in known list=no | Me.CombatAbility(derived)=nil Name=nil
2026-10-03 18:09:27 | +7434ms | tome-spike 0.1.0-spike.2 | row 130 | "Tome of Mithril Bloodaxe" | qty=-- | price=33pp 4gp 5sp 7cp | lvl= 45 | derived="Mithril Bloodaxe" | in known list=no | Me.CombatAbility(derived)=nil Name=nil
2026-10-03 18:09:27 | +7434ms | tome-spike 0.1.0-spike.2 | row 131 | "Tome of Rage Axe" | qty=-- | price=51pp 8gp 6sp 9cp | lvl= 50 | derived="Rage Axe" | in known list=no | Me.CombatAbility(derived)=nil Name=nil
2026-10-03 18:09:27 | +7434ms | tome-spike 0.1.0-spike.2 | row 132 | "Tome of Reckless Discipline" | qty=-- | price=90pp 1gp 3sp 4cp | lvl= 56 | derived="Reckless Discipline" | in known list=no | Me.CombatAbility(derived)=nil Name=nil
2026-10-03 18:09:27 | +7435ms | tome-spike 0.1.0-spike.2 | row 133 | "Tome of Resistant Discipline" | qty=-- | price=6pp 9gp 9sp 7cp | lvl= 30 | derived="Resistant Discipline" | in known list=YES | Me.CombatAbility(derived)=2 Name=nil
2026-10-03 18:09:27 | +7435ms | tome-spike 0.1.0-spike.2 | row 134 | "Tome of Sprint Discipline" | qty=-- | price=149pp 0gp 5sp 8cp | lvl= 61 | derived="Sprint Discipline" | in known list=no | Me.CombatAbility(derived)=nil Name=nil
2026-10-03 18:09:27 | +7435ms | tome-spike 0.1.0-spike.2 | row 135 | "Tome of Steel Axe" | qty=-- | price=0pp 1gp 9sp 3cp | lvl= 10 | derived="Steel Axe" | in known list=no | Me.CombatAbility(derived)=nil Name=nil
2026-10-03 18:09:27 | +7436ms | tome-spike 0.1.0-spike.2 | row 136 | "Tome of Tainted Axe of Hatred" | qty=-- | price=184pp 6gp 9sp 7cp | lvl= 65 | derived="Tainted Axe of Hatred" | in known list=no | Me.CombatAbility(derived)=nil Name=nil
2026-10-03 18:09:27 | +7436ms | tome-spike 0.1.0-spike.2 | row 137 | "Tome of Throw Stone" | qty=-- | price=0pp 0gp 4sp 2cp | lvl=  1 | derived="Throw Stone" | in known list=YES | Me.CombatAbility(derived)=7 Name=nil
2026-10-03 18:09:27 | +7436ms | tome-spike 0.1.0-spike.2 | row 138 | "Tome of War Cry" | qty=-- | price=51pp 5gp 1sp 2cp | lvl= 50 | derived="War Cry" | in known list=no | Me.CombatAbility(derived)=nil Name=nil
2026-10-03 18:09:27 | +7437ms | tome-spike 0.1.0-spike.2 | row 139 | "Tome of War Cry of Dravel" | qty=-- | price=181pp 8gp 7sp 8cp | lvl= 64 | derived="War Cry of Dravel" | in known list=no | Me.CombatAbility(derived)=nil Name=nil
2026-10-03 18:09:27 | +7437ms | tome-spike 0.1.0-spike.2 | row 140 | "Vah Shir Skin Robe" | qty=1 | price=209pp 9gp 9sp 9cp | lvl=--
2026-10-03 18:09:27 | +7437ms | tome-spike 0.1.0-spike.2 | row 141 | "Vah Shir Skin Robe (Legendary)" | qty=1 | price=209pp 9gp 9sp 9cp | lvl=--
2026-10-03 18:09:27 | +7437ms | tome-spike 0.1.0-spike.2 | row 142 | "Warblade of the Fallen" | qty=1 | price=2100pp 0gp 0sp 0cp | lvl=--
2026-10-03 18:09:27 | +7448ms | tome-spike 0.1.0-spike.2 | row 143 | "Wicked Bone Atlatl" | qty=1 | price=7pp 6gp 6sp 4cp | lvl=--
2026-10-03 18:09:27 | +7449ms | tome-spike 0.1.0-spike.2 | row 144 | "Windstone" | qty=9 | price=26pp 7gp 7sp 4cp | lvl=--
2026-10-03 18:09:27 | +7449ms | tome-spike 0.1.0-spike.2 | row 145 | "Words of Anguish" | qty=1 | price=6pp 7gp 1sp 9cp | lvl=--
2026-10-03 18:09:27 | +7449ms | tome-spike 0.1.0-spike.2 | row 146 | "Words of Grappling" | qty=1 | price=5pp 2gp 5sp 0cp | lvl=--
2026-10-03 18:09:27 | +7449ms | tome-spike 0.1.0-spike.2 | row 147 | "Wretched Pauldrons" | qty=1 | price=209pp 9gp 9sp 9cp | lvl=--
2026-10-03 18:09:27 | +7449ms | tome-spike 0.1.0-spike.2 | summary: 147 rows; 45 start with "Tome of "; 102 other rows; the discipline named by the tome is in the known list for 6, not for 39; name prefixes: Ancient Blue x1; Autumn Crocus x1; Bile Drenched x1; Binding Powder x1; Blazing Vambraces x1; Blue Diamond x1; Boarding Axe x1; Bone Chips x1; Bracelet of x1; Brick of x2; Bubonian Blood x1; Card of x1; Charred Arachnid x1; Circled Toe x1; Corruption Powder x1; Crown of x1; Crystallized Sulfur x1; Dark Skeleton x1; Dark Steel x1; Dathor Scale x2; Death Mask x2; Death Watcher's x2; Decayed Visor x1; Diaku Blood x1; Diaku Forged x2; Diamond x1; Diseased Bubonian x1; Dream Weaver x2; Elysian Bracelet x1; Elysian Gloves x1; Emberstone x1; Emerald Ring x1; Essence of x1; Fire-veined Stone x1; Flesh Eater's x1; Fungus-Smeared Bracer x1; Gantru Charm x2; Glimmering Statuette x1; Helm of x1; Hive Fiend's x1; Human Blood x1; Indicolite x1; Iolite x1; Luclinite x1; Mace of x1; Mephit Wings x1; Mithril Amulet x1; Nodding Blue x1; Opal Bracelet x1; Ornate Miner's x1; Other Half x1; Peridot x1; Phosphorous Powder x1; Pliable Goo x1; Quality Plated x1; Rage Filled x1; Raw Indigo x1; Refined Binding x1; Rhodocrosite x1; Rujarkian Rock x1; Rune of x1; Sand-Covered Slate x1; Scale Ore x1; Shadow Weave x2; Shadowy Assassin x2; Shadowy Assassin's x2; Shadowy Dirk x1; Skill: Bloodlust x1; Skill: Cry x1; Skull Charm x1; Skull Marked x3; Smashed War x1; Spell: Death x1; Spell: Disinfecting x1; Spell: Plague x1; Spell: Veil x1; Spell: Words x1; Stralagite x1; Sunshard Ore x1; Sunshard Pebble x1; Sunshard Powder x1; Tegi Scales x1; Tome of x45; Vah Shir x2; Warblade of x1; Wicked Bone x1; Windstone x1; Words of x2; Wretched Pauldrons x1
2026-10-03 18:09:27 | +7450ms | tome-spike 0.1.0-spike.2 | dump: 147 rows, 45 tomes, 102 other; known disciplines 39 (matched to tomes: 6); details in C:\Users\Public\MacroQuest\Logs/spellspree/spike_multiclass_Kylaeris.log
2026-10-03 18:09:43 | +7313ms | tome-spike 0.1.0-spike.2 | mode dump; vendor(target)="Heldin Swordbreaker"; zone=poknowledge; character=Kylaeris; visible rows=120
2026-10-03 18:09:43 | +7314ms | tome-spike 0.1.0-spike.2 | discipline scan: Me.CombatAbilityCount=unavailable; scanned up to slot 400; last filled slot=40
2026-10-03 18:09:43 | +7314ms | tome-spike 0.1.0-spike.2 | known disciplines by Me.CombatAbility(index): 39: Focused Will Discipline; Resistant Discipline; Provoke; Fearless Discipline; Phantom Wind; Phantom Zephyr; Throw Stone; Bellow; Evasive Discipline; Charge Discipline; Defensive Discipline; Berate; Furious Discipline; Precision Discipline; Fortitude Discipline; Fellstrike Discipline; Aggressive Discipline; Stonewall Discipline; Incite; Spirit of Rage Discipline; Healing Will Discipline; Ashenhand Discipline; Earthwalk Discipline; Hundred Fists Discipline; Innerflame Discipline; Phantom Call; Phantom Echo; Planeswalk Discipline; Speed Focus Discipline; Stonestance Discipline; Thunderkick Discipline; Voiddance Discipline; Whirlwind Discipline; Silentfist Discipline; Mighty Strike Discipline; Bellow of the Mastruq; Elbow Strike; Commanding Voice; Champion's Aura
2026-10-03 18:09:43 | +7315ms | tome-spike 0.1.0-spike.2 | row 1 | "Autumn Crocus" | qty=1 | price=0pp 8gp 3sp 9cp | lvl=--
2026-10-03 18:09:43 | +7315ms | tome-spike 0.1.0-spike.2 | row 2 | "Axe Components" | qty=-- | price=0pp 8gp 0sp 3cp | lvl=--
2026-10-03 18:09:43 | +7315ms | tome-spike 0.1.0-spike.2 | row 3 | "Balanced Axe Components" | qty=-- | price=5pp 7gp 4sp 8cp | lvl=--
2026-10-03 18:09:43 | +7315ms | tome-spike 0.1.0-spike.2 | row 4 | "Basic Axe Components" | qty=-- | price=0pp 1gp 9sp 6cp | lvl=--
2026-10-03 18:09:43 | +7316ms | tome-spike 0.1.0-spike.2 | row 5 | "Bile Drenched Main-gauche" | qty=1 | price=3pp 4gp 5sp 4cp | lvl=--
2026-10-03 18:09:43 | +7316ms | tome-spike 0.1.0-spike.2 | row 6 | "Blizzard Sphere" | qty=1 | price=0pp 0gp 0sp 2cp | lvl=--
2026-10-03 18:09:43 | +7316ms | tome-spike 0.1.0-spike.2 | row 7 | "Bone Chips" | qty=1 | price=0pp 0gp 1sp 9cp | lvl=--
2026-10-03 18:09:43 | +7316ms | tome-spike 0.1.0-spike.2 | row 8 | "Bracketed Chitin Mail (Enchanted)" | qty=1 | price=209pp 9gp 9sp 9cp | lvl=--
2026-10-03 18:09:43 | +7316ms | tome-spike 0.1.0-spike.2 | row 9 | "Brick of Molten Ore" | qty=2 | price=84pp 0gp 0sp 0cp | lvl=--
2026-10-03 18:09:43 | +7317ms | tome-spike 0.1.0-spike.2 | row 10 | "Bubonian Blood" | qty=1 | price=15pp 7gp 4sp 9cp | lvl=--
2026-10-03 18:09:43 | +7317ms | tome-spike 0.1.0-spike.2 | row 11 | "Bubonian Claws" | qty=1 | price=97pp 6gp 4sp 9cp | lvl=--
2026-10-03 18:09:43 | +7317ms | tome-spike 0.1.0-spike.2 | row 12 | "Bubonian Head" | qty=1 | price=70pp 8gp 7sp 5cp | lvl=--
2026-10-03 18:09:43 | +7330ms | tome-spike 0.1.0-spike.2 | row 13 | "Chunk of Condensed Flame" | qty=1 | price=0pp 9gp 2sp 7cp | lvl=--
2026-10-03 18:09:43 | +7330ms | tome-spike 0.1.0-spike.2 | row 14 | "Combine Gladius (Enchanted)" | qty=2 | price=0pp 3gp 9sp 2cp | lvl=--
2026-10-03 18:09:43 | +7331ms | tome-spike 0.1.0-spike.2 | row 15 | "Corruption Powder" | qty=1 | price=0pp 0gp 0sp 2cp | lvl=--
2026-10-03 18:09:43 | +7331ms | tome-spike 0.1.0-spike.2 | row 16 | "Crown of the Hive" | qty=1 | price=209pp 9gp 9sp 9cp | lvl=--
2026-10-03 18:09:43 | +7332ms | tome-spike 0.1.0-spike.2 | row 17 | "Dark Skeleton Remains" | qty=1 | price=0pp 0gp 0sp 2cp | lvl=--
2026-10-03 18:09:43 | +7332ms | tome-spike 0.1.0-spike.2 | row 18 | "Dark Steel Great Staff (Enchanted)" | qty=1 | price=122pp 8gp 4sp 9cp | lvl=--
2026-10-03 18:09:43 | +7332ms | tome-spike 0.1.0-spike.2 | row 19 | "Dathor Scale Helm" | qty=2 | price=209pp 9gp 9sp 9cp | lvl=--
2026-10-03 18:09:43 | +7332ms | tome-spike 0.1.0-spike.2 | row 20 | "Dathor Scale Helm (Enchanted)" | qty=2 | price=209pp 9gp 9sp 9cp | lvl=--
2026-10-03 18:09:43 | +7333ms | tome-spike 0.1.0-spike.2 | row 21 | "Death Mask of the Elysians" | qty=3 | price=209pp 9gp 9sp 9cp | lvl=--
2026-10-03 18:09:43 | +7333ms | tome-spike 0.1.0-spike.2 | row 22 | "Death Mask of the Elysians (Enchanted)" | qty=1 | price=209pp 9gp 9sp 9cp | lvl=--
2026-10-03 18:09:43 | +7333ms | tome-spike 0.1.0-spike.2 | row 23 | "Death Watcher's Shroud" | qty=1 | price=209pp 9gp 9sp 9cp | lvl=--
2026-10-03 18:09:43 | +7333ms | tome-spike 0.1.0-spike.2 | row 24 | "Death Watcher's Shroud (Enchanted)" | qty=1 | price=209pp 9gp 9sp 9cp | lvl=--
2026-10-03 18:09:43 | +7333ms | tome-spike 0.1.0-spike.2 | row 25 | "Dense Hammered Casing" | qty=1 | price=0pp 0gp 0sp 2cp | lvl=--
2026-10-03 18:09:43 | +7334ms | tome-spike 0.1.0-spike.2 | row 26 | "Dew Clover" | qty=1 | price=7pp 9gp 7sp 9cp | lvl=--
2026-10-03 18:09:43 | +7334ms | tome-spike 0.1.0-spike.2 | row 27 | "Diaku Forged Maul" | qty=2 | price=26pp 2gp 4sp 9cp | lvl=--
2026-10-03 18:09:43 | +7334ms | tome-spike 0.1.0-spike.2 | row 28 | "Diaku Forged Sword" | qty=1 | price=26pp 2gp 4sp 9cp | lvl=--
2026-10-03 18:09:43 | +7334ms | tome-spike 0.1.0-spike.2 | row 29 | "Diamond" | qty=1 | price=315pp 0gp 0sp 0cp | lvl=--
2026-10-03 18:09:43 | +7334ms | tome-spike 0.1.0-spike.2 | row 30 | "Dream Weaver Amice (Enchanted)" | qty=1 | price=5pp 2gp 5sp 0cp | lvl=--
2026-10-03 18:09:43 | +7335ms | tome-spike 0.1.0-spike.2 | row 31 | "Dream Weaver Gloves" | qty=1 | price=2pp 1gp 0sp 0cp | lvl=--
2026-10-03 18:09:43 | +7335ms | tome-spike 0.1.0-spike.2 | row 32 | "Dream Weaver Veil (Enchanted)" | qty=1 | price=3pp 3gp 5sp 9cp | lvl=--
2026-10-03 18:09:43 | +7335ms | tome-spike 0.1.0-spike.2 | row 33 | "Dreamstone" | qty=1 | price=354pp 3gp 7sp 4cp | lvl=--
2026-10-03 18:09:43 | +7336ms | tome-spike 0.1.0-spike.2 | row 34 | "Elaborate Binding Powder" | qty=1 | price=10pp 5gp 5sp 2cp | lvl=--
2026-10-03 18:09:43 | +7336ms | tome-spike 0.1.0-spike.2 | row 35 | "Elysian Armplates (Enchanted)" | qty=1 | price=8pp 4gp 0sp 0cp | lvl=--
2026-10-03 18:09:43 | +7336ms | tome-spike 0.1.0-spike.2 | row 36 | "Elysian Tunic" | qty=1 | price=9pp 7gp 6sp 5cp | lvl=--
2026-10-03 18:09:43 | +7336ms | tome-spike 0.1.0-spike.2 | row 37 | "Emberstone" | qty=2 | price=20pp 4gp 7sp 5cp | lvl=--
2026-10-03 18:09:43 | +7336ms | tome-spike 0.1.0-spike.2 | row 38 | "Emerald Ring (Enchanted)" | qty=1 | price=102pp 3gp 7sp 4cp | lvl=--
2026-10-03 18:09:43 | +7337ms | tome-spike 0.1.0-spike.2 | row 39 | "Essence of Darkness" | qty=10 | price=5pp 2gp 5sp 0cp | lvl=--
2026-10-03 18:09:43 | +7337ms | tome-spike 0.1.0-spike.2 | row 40 | "Executioners Hood (Enchanted)" | qty=1 | price=451pp 4gp 9sp 9cp | lvl=--
2026-10-03 18:09:43 | +7337ms | tome-spike 0.1.0-spike.2 | row 41 | "Eye of Urd" | qty=1 | price=0pp 0gp 0sp 2cp | lvl=--
2026-10-03 18:09:43 | +7338ms | tome-spike 0.1.0-spike.2 | row 42 | "Fiery Granite" | qty=1 | price=23pp 6gp 2sp 4cp | lvl=--
2026-10-03 18:09:43 | +7338ms | tome-spike 0.1.0-spike.2 | row 43 | "Fire Emerald" | qty=1 | price=133pp 8gp 7sp 5cp | lvl=--
2026-10-03 18:09:43 | +7338ms | tome-spike 0.1.0-spike.2 | row 44 | "Flaming Head" | qty=1 | price=34pp 6gp 5sp 0cp | lvl=--
2026-10-03 18:09:43 | +7338ms | tome-spike 0.1.0-spike.2 | row 45 | "Froglok Eye" | qty=1 | price=0pp 0gp 1sp 5cp | lvl=--
2026-10-03 18:09:43 | +7339ms | tome-spike 0.1.0-spike.2 | row 46 | "Froglok Poison Gland" | qty=1 | price=0pp 0gp 7sp 8cp | lvl=--
2026-10-03 18:09:43 | +7347ms | tome-spike 0.1.0-spike.2 | row 47 | "Glimmering Statuette (Enchanted)" | qty=1 | price=5pp 4gp 5sp 9cp | lvl=--
2026-10-03 18:09:43 | +7348ms | tome-spike 0.1.0-spike.2 | row 48 | "Helm of Raldukan" | qty=3 | price=209pp 9gp 9sp 9cp | lvl=--
2026-10-03 18:09:43 | +7348ms | tome-spike 0.1.0-spike.2 | row 49 | "Helm of Raldukan (Legendary)" | qty=1 | price=209pp 9gp 9sp 9cp | lvl=--
2026-10-03 18:09:43 | +7348ms | tome-spike 0.1.0-spike.2 | row 50 | "Hive Fiend's Brain" | qty=1 | price=209pp 9gp 9sp 9cp | lvl=--
2026-10-03 18:09:43 | +7348ms | tome-spike 0.1.0-spike.2 | row 51 | "Hive Fiend's Brain (Enchanted)" | qty=1 | price=209pp 9gp 9sp 9cp | lvl=--
2026-10-03 18:09:43 | +7348ms | tome-spike 0.1.0-spike.2 | row 52 | "Intricate Binding Powder" | qty=1 | price=8pp 6gp 6sp 2cp | lvl=--
2026-10-03 18:09:43 | +7349ms | tome-spike 0.1.0-spike.2 | row 53 | "Large Bone Chips" | qty=1 | price=4pp 7gp 2sp 5cp | lvl=--
2026-10-03 18:09:43 | +7349ms | tome-spike 0.1.0-spike.2 | row 54 | "Large Zelniak Tooth" | qty=2 | price=9pp 4gp 5sp 0cp | lvl=--
2026-10-03 18:09:43 | +7349ms | tome-spike 0.1.0-spike.2 | row 55 | "Leaf Encrusted Branch" | qty=1 | price=40pp 9gp 5sp 0cp | lvl=--
2026-10-03 18:09:43 | +7349ms | tome-spike 0.1.0-spike.2 | row 56 | "Luclinite" | qty=1 | price=133pp 8gp 7sp 5cp | lvl=--
2026-10-03 18:09:43 | +7349ms | tome-spike 0.1.0-spike.2 | row 57 | "Mace of the Fallen Crusader (Enchanted)" | qty=1 | price=17pp 9gp 3sp 4cp | lvl=--
2026-10-03 18:09:43 | +7350ms | tome-spike 0.1.0-spike.2 | row 58 | "Map Legend" | qty=1 | price=0pp 0gp 0sp 2cp | lvl=--
2026-10-03 18:09:43 | +7350ms | tome-spike 0.1.0-spike.2 | row 59 | "Mephit Meat" | qty=1 | price=0pp 1gp 2sp 5cp | lvl=--
2026-10-03 18:09:43 | +7350ms | tome-spike 0.1.0-spike.2 | row 60 | "Mithril Earring (Enchanted)" | qty=1 | price=5pp 5gp 1sp 2cp | lvl=--
2026-10-03 18:09:43 | +7350ms | tome-spike 0.1.0-spike.2 | row 61 | "Modest Binding Powder" | qty=1 | price=2pp 3gp 6sp 2cp | lvl=--
2026-10-03 18:09:43 | +7351ms | tome-spike 0.1.0-spike.2 | row 62 | "Nodding Blue Lily" | qty=2 | price=0pp 8gp 3sp 9cp | lvl=--
2026-10-03 18:09:43 | +7351ms | tome-spike 0.1.0-spike.2 | row 63 | "Obsidianwood Bow Staff (Enchanted)" | qty=1 | price=75pp 6gp 0sp 0cp | lvl=--
2026-10-03 18:09:43 | +7351ms | tome-spike 0.1.0-spike.2 | row 64 | "Ogre Meat" | qty=1 | price=0pp 0gp 1sp 5cp | lvl=--
2026-10-03 18:09:43 | +7351ms | tome-spike 0.1.0-spike.2 | row 65 | "Ornate Blood Sword (Enchanted)" | qty=1 | price=4pp 8gp 8sp 2cp | lvl=--
2026-10-03 18:09:43 | +7351ms | tome-spike 0.1.0-spike.2 | row 66 | "Peridot" | qty=1 | price=15pp 7gp 4sp 9cp | lvl=--
2026-10-03 18:09:43 | +7352ms | tome-spike 0.1.0-spike.2 | row 67 | "Phosphorous Powder" | qty=10 | price=3pp 3gp 0sp 7cp | lvl=--
2026-10-03 18:09:43 | +7352ms | tome-spike 0.1.0-spike.2 | row 68 | "Platinum Medallion of Service" | qty=1 | price=0pp 0gp 0sp 2cp | lvl=--
2026-10-03 18:09:43 | +7352ms | tome-spike 0.1.0-spike.2 | row 69 | "Pliable Goo" | qty=2 | price=0pp 0gp 0sp 2cp | lvl=--
2026-10-03 18:09:43 | +7352ms | tome-spike 0.1.0-spike.2 | row 70 | "Priest's Diary Page" | qty=1 | price=0pp 0gp 0sp 2cp | lvl=--
2026-10-03 18:09:43 | +7353ms | tome-spike 0.1.0-spike.2 | row 71 | "Primal Velium Spear" | qty=1 | price=8pp 5gp 5sp 7cp | lvl=--
2026-10-03 18:09:43 | +7353ms | tome-spike 0.1.0-spike.2 | row 72 | "Primal Velium Warsword (Legendary)" | qty=1 | price=35pp 1gp 7sp 5cp | lvl=--
2026-10-03 18:09:43 | +7353ms | tome-spike 0.1.0-spike.2 | row 73 | "Raw Diamond" | qty=2 | price=315pp 0gp 0sp 0cp | lvl=--
2026-10-03 18:09:43 | +7353ms | tome-spike 0.1.0-spike.2 | row 74 | "Rhodocrosite" | qty=2 | price=3pp 9gp 3sp 7cp | lvl=--
2026-10-03 18:09:43 | +7353ms | tome-spike 0.1.0-spike.2 | row 75 | "Rune of Synergy" | qty=3 | price=7pp 3gp 4sp 9cp | lvl=--
2026-10-03 18:09:43 | +7354ms | tome-spike 0.1.0-spike.2 | row 76 | "Rune of the Astral" | qty=1 | price=5pp 6gp 6sp 9cp | lvl=--
2026-10-03 18:09:43 | +7354ms | tome-spike 0.1.0-spike.2 | row 77 | "Sceptre of Destruction" | qty=1 | price=42pp 0gp 0sp 0cp | lvl=--
2026-10-03 18:09:43 | +7354ms | tome-spike 0.1.0-spike.2 | row 78 | "Shadow Weave Ring" | qty=1 | price=209pp 9gp 9sp 9cp | lvl=--
2026-10-03 18:09:43 | +7354ms | tome-spike 0.1.0-spike.2 | row 79 | "Shadow Weave Ring (Enchanted)" | qty=1 | price=209pp 9gp 9sp 9cp | lvl=--
2026-10-03 18:09:43 | +7354ms | tome-spike 0.1.0-spike.2 | row 80 | "Shadowy Assassin Sash" | qty=4 | price=2100pp 0gp 0sp 0cp | lvl=--
2026-10-03 18:09:43 | +7364ms | tome-spike 0.1.0-spike.2 | row 81 | "Shadowy Assassin Sash (Enchanted)" | qty=1 | price=2100pp 0gp 0sp 0cp | lvl=--
2026-10-03 18:09:43 | +7364ms | tome-spike 0.1.0-spike.2 | row 82 | "Shadowy Assassin's Cape" | qty=3 | price=209pp 9gp 9sp 9cp | lvl=--
2026-10-03 18:09:43 | +7365ms | tome-spike 0.1.0-spike.2 | row 83 | "Shadowy Assassin's Cape (Enchanted)" | qty=4 | price=209pp 9gp 9sp 9cp | lvl=--
2026-10-03 18:09:43 | +7365ms | tome-spike 0.1.0-spike.2 | row 84 | "Shadowy Dirk (Enchanted)" | qty=1 | price=209pp 9gp 9sp 9cp | lvl=--
2026-10-03 18:09:43 | +7365ms | tome-spike 0.1.0-spike.2 | row 85 | "Skull Charm" | qty=1 | price=5pp 6gp 6sp 9cp | lvl=--
2026-10-03 18:09:43 | +7365ms | tome-spike 0.1.0-spike.2 | row 86 | "Skull Marked Shield" | qty=4 | price=209pp 9gp 9sp 9cp | lvl=--
2026-10-03 18:09:43 | +7366ms | tome-spike 0.1.0-spike.2 | row 87 | "Skull Marked Shield (Enchanted)" | qty=1 | price=209pp 9gp 9sp 9cp | lvl=--
2026-10-03 18:09:43 | +7366ms | tome-spike 0.1.0-spike.2 | row 88 | "Skull Marked Shield (Legendary)" | qty=1 | price=209pp 9gp 9sp 9cp | lvl=--
2026-10-03 18:09:43 | +7366ms | tome-spike 0.1.0-spike.2 | row 89 | "Smashed War Grubs" | qty=1 | price=6pp 2gp 9sp 9cp | lvl=--
2026-10-03 18:09:43 | +7367ms | tome-spike 0.1.0-spike.2 | row 90 | "Song: Battlecry of the Vah Shir" | qty=1 | price=77pp 4gp 0sp 3cp | lvl= 52
2026-10-03 18:09:43 | +7367ms | tome-spike 0.1.0-spike.2 | row 91 | "Spell: Remove Greater Curse" | qty=1 | price=23pp 5gp 1sp 9cp | lvl= 60
2026-10-03 18:09:43 | +7367ms | tome-spike 0.1.0-spike.2 | row 92 | "Stralagite" | qty=1 | price=20pp 4gp 7sp 5cp | lvl=--
2026-10-03 18:09:43 | +7368ms | tome-spike 0.1.0-spike.2 | row 93 | "Strand of Ether" | qty=1 | price=3pp 1gp 4sp 9cp | lvl=--
2026-10-03 18:09:43 | +7368ms | tome-spike 0.1.0-spike.2 | row 94 | "Stratolite" | qty=3 | price=7pp 0gp 8sp 7cp | lvl=--
2026-10-03 18:09:43 | +7368ms | tome-spike 0.1.0-spike.2 | row 95 | "Sunshard Pebble" | qty=2 | price=0pp 0gp 1sp 5cp | lvl=--
2026-10-03 18:09:43 | +7368ms | tome-spike 0.1.0-spike.2 | row 96 | "Symbol of Zek" | qty=1 | price=133pp 8gp 7sp 5cp | lvl=--
2026-10-03 18:09:43 | +7369ms | tome-spike 0.1.0-spike.2 | row 97 | "Tome of Balanced War Axe" | qty=-- | price=3pp 5gp 6sp 9cp | lvl= 25 | derived="Balanced War Axe" | in known list=no | Me.CombatAbility(derived)=nil Name=nil
2026-10-03 18:09:43 | +7369ms | tome-spike 0.1.0-spike.2 | row 98 | "Tome of Bearded Axe" | qty=-- | price=0pp 6gp 3sp 0cp | lvl= 15 | derived="Bearded Axe" | in known list=no | Me.CombatAbility(derived)=nil Name=nil
2026-10-03 18:09:43 | +7369ms | tome-spike 0.1.0-spike.2 | row 99 | "Tome of Blunt Axe" | qty=-- | price=0pp 0gp 5sp 8cp | lvl=  5 | derived="Blunt Axe" | in known list=no | Me.CombatAbility(derived)=nil Name=nil
2026-10-03 18:09:43 | +7370ms | tome-spike 0.1.0-spike.2 | row 100 | "Tome of Bonesplicer Axe" | qty=-- | price=7pp 0gp 0sp 1cp | lvl= 30 | derived="Bonesplicer Axe" | in known list=no | Me.CombatAbility(derived)=nil Name=nil
2026-10-03 18:09:43 | +7371ms | tome-spike 0.1.0-spike.2 | row 101 | "Tome of Cold Steel Cleaving Axe" | qty=-- | price=21pp 1gp 0sp 0cp | lvl= 40 | derived="Cold Steel Cleaving Axe" | in known list=no | Me.CombatAbility(derived)=nil Name=nil
2026-10-03 18:09:43 | +7371ms | tome-spike 0.1.0-spike.2 | row 102 | "Tome of Corroded Axe" | qty=-- | price=0pp 0gp 4sp 2cp | lvl=  1 | derived="Corroded Axe" | in known list=no | Me.CombatAbility(derived)=nil Name=nil
2026-10-03 18:09:43 | +7371ms | tome-spike 0.1.0-spike.2 | row 103 | "Tome of Distracting Strike" | qty=-- | price=43pp 4gp 5sp 7cp | lvl= 48 | derived="Distracting Strike" | in known list=no | Me.CombatAbility(derived)=nil Name=nil
2026-10-03 18:09:43 | +7372ms | tome-spike 0.1.0-spike.2 | row 104 | "Tome of Diversive Strike" | qty=-- | price=3pp 1gp 4sp 1cp | lvl= 24 | derived="Diversive Strike" | in known list=no | Me.CombatAbility(derived)=nil Name=nil
2026-10-03 18:09:43 | +7372ms | tome-spike 0.1.0-spike.2 | row 105 | "Tome of Fleshtear Axe" | qty=-- | price=12pp 7gp 1sp 3cp | lvl= 35 | derived="Fleshtear Axe" | in known list=no | Me.CombatAbility(derived)=nil Name=nil
2026-10-03 18:09:43 | +7372ms | tome-spike 0.1.0-spike.2 | row 106 | "Tome of Head Crush" | qty=-- | price=119pp 3gp 1sp 5cp | lvl= 60 | derived="Head Crush" | in known list=no | Me.CombatAbility(derived)=nil Name=nil
2026-10-03 18:09:43 | +7373ms | tome-spike 0.1.0-spike.2 | row 107 | "Tome of Head Pummel" | qty=-- | price=21pp 2gp 1sp 8cp | lvl= 40 | derived="Head Pummel" | in known list=no | Me.CombatAbility(derived)=nil Name=nil
2026-10-03 18:09:43 | +7373ms | tome-spike 0.1.0-spike.2 | row 108 | "Tome of Head Strike" | qty=-- | price=0pp 7gp 6sp 8cp | lvl= 16 | derived="Head Strike" | in known list=no | Me.CombatAbility(derived)=nil Name=nil
2026-10-03 18:09:43 | +7374ms | tome-spike 0.1.0-spike.2 | row 109 | "Tome of Leg Cut" | qty=-- | price=8pp 8gp 2sp 4cp | lvl= 32 | derived="Leg Cut" | in known list=no | Me.CombatAbility(derived)=nil Name=nil
2026-10-03 18:09:43 | +7374ms | tome-spike 0.1.0-spike.2 | row 110 | "Tome of Leg Strike" | qty=-- | price=0pp 1gp 1sp 5cp | lvl=  8 | derived="Leg Strike" | in known list=no | Me.CombatAbility(derived)=nil Name=nil
2026-10-03 18:09:43 | +7383ms | tome-spike 0.1.0-spike.2 | row 111 | "Tome of Mithril Axe" | qty=-- | price=1pp 6gp 3sp 3cp | lvl= 20 | derived="Mithril Axe" | in known list=no | Me.CombatAbility(derived)=nil Name=nil
2026-10-03 18:09:43 | +7384ms | tome-spike 0.1.0-spike.2 | row 112 | "Tome of Mithril Bloodaxe" | qty=-- | price=33pp 4gp 5sp 7cp | lvl= 45 | derived="Mithril Bloodaxe" | in known list=no | Me.CombatAbility(derived)=nil Name=nil
2026-10-03 18:09:43 | +7384ms | tome-spike 0.1.0-spike.2 | row 113 | "Tome of Steel Axe" | qty=-- | price=0pp 1gp 9sp 3cp | lvl= 10 | derived="Steel Axe" | in known list=no | Me.CombatAbility(derived)=nil Name=nil
2026-10-03 18:09:43 | +7385ms | tome-spike 0.1.0-spike.2 | row 114 | "Torn Cloth Eye Patch" | qty=1 | price=39pp 3gp 7sp 5cp | lvl=--
2026-10-03 18:09:43 | +7385ms | tome-spike 0.1.0-spike.2 | row 115 | "Vah Shir Skin Robe" | qty=5 | price=209pp 9gp 9sp 9cp | lvl=--
2026-10-03 18:09:43 | +7385ms | tome-spike 0.1.0-spike.2 | row 116 | "Valdoon Kel`Novar's Heart" | qty=1 | price=0pp 0gp 0sp 2cp | lvl=--
2026-10-03 18:09:43 | +7386ms | tome-spike 0.1.0-spike.2 | row 117 | "War Stone" | qty=1 | price=212pp 6gp 2sp 4cp | lvl=--
2026-10-03 18:09:43 | +7386ms | tome-spike 0.1.0-spike.2 | row 118 | "Watery Lens" | qty=1 | price=3pp 1gp 4sp 9cp | lvl=--
2026-10-03 18:09:43 | +7386ms | tome-spike 0.1.0-spike.2 | row 119 | "Windstone" | qty=7 | price=26pp 7gp 7sp 4cp | lvl=--
2026-10-03 18:09:43 | +7386ms | tome-spike 0.1.0-spike.2 | row 120 | "Wretched Pauldrons (Enchanted)" | qty=2 | price=209pp 9gp 9sp 9cp | lvl=--
2026-10-03 18:09:43 | +7387ms | tome-spike 0.1.0-spike.2 | summary: 120 rows; 17 start with "Tome of "; 103 other rows; the discipline named by the tome is in the known list for 0, not for 17; name prefixes: Autumn Crocus x1; Axe Components x1; Balanced Axe x1; Basic Axe x1; Bile Drenched x1; Blizzard Sphere x1; Bone Chips x1; Bracketed Chitin x1; Brick of x1; Bubonian Blood x1; Bubonian Claws x1; Bubonian Head x1; Chunk of x1; Combine Gladius x1; Corruption Powder x1; Crown of x1; Dark Skeleton x1; Dark Steel x1; Dathor Scale x2; Death Mask x2; Death Watcher's x2; Dense Hammered x1; Dew Clover x1; Diaku Forged x2; Diamond x1; Dream Weaver x3; Dreamstone x1; Elaborate Binding x1; Elysian Armplates x1; Elysian Tunic x1; Emberstone x1; Emerald Ring x1; Essence of x1; Executioners Hood x1; Eye of x1; Fiery Granite x1; Fire Emerald x1; Flaming Head x1; Froglok Eye x1; Froglok Poison x1; Glimmering Statuette x1; Helm of x2; Hive Fiend's x2; Intricate Binding x1; Large Bone x1; Large Zelniak x1; Leaf Encrusted x1; Luclinite x1; Mace of x1; Map Legend x1; Mephit Meat x1; Mithril Earring x1; Modest Binding x1; Nodding Blue x1; Obsidianwood Bow x1; Ogre Meat x1; Ornate Blood x1; Peridot x1; Phosphorous Powder x1; Platinum Medallion x1; Pliable Goo x1; Priest's Diary x1; Primal Velium x2; Raw Diamond x1; Rhodocrosite x1; Rune of x2; Sceptre of x1; Shadow Weave x2; Shadowy Assassin x2; Shadowy Assassin's x2; Shadowy Dirk x1; Skull Charm x1; Skull Marked x3; Smashed War x1; Song: Battlecry x1; Spell: Remove x1; Stralagite x1; Strand of x1; Stratolite x1; Sunshard Pebble x1; Symbol of x1; Tome of x17; Torn Cloth x1; Vah Shir x1; Valdoon Kel`Novar's x1; War Stone x1; Watery Lens x1; Windstone x1; Wretched Pauldrons x1
2026-10-03 18:09:43 | +7388ms | tome-spike 0.1.0-spike.2 | dump: 120 rows, 17 tomes, 103 other; known disciplines 39 (matched to tomes: 0); details in C:\Users\Public\MacroQuest\Logs/spellspree/spike_multiclass_Kylaeris.log
2026-10-03 18:09:59 | +7349ms | tome-spike 0.1.0-spike.2 | mode dump; vendor(target)="Heldin Swordbreaker"; zone=poknowledge; character=Kylaeris; visible rows=105
2026-10-03 18:09:59 | +7350ms | tome-spike 0.1.0-spike.2 | discipline scan: Me.CombatAbilityCount=unavailable; scanned up to slot 400; last filled slot=40
2026-10-03 18:09:59 | +7350ms | tome-spike 0.1.0-spike.2 | known disciplines by Me.CombatAbility(index): 39: Focused Will Discipline; Resistant Discipline; Provoke; Fearless Discipline; Phantom Wind; Phantom Zephyr; Throw Stone; Bellow; Evasive Discipline; Charge Discipline; Defensive Discipline; Berate; Furious Discipline; Precision Discipline; Fortitude Discipline; Fellstrike Discipline; Aggressive Discipline; Stonewall Discipline; Incite; Spirit of Rage Discipline; Healing Will Discipline; Ashenhand Discipline; Earthwalk Discipline; Hundred Fists Discipline; Innerflame Discipline; Phantom Call; Phantom Echo; Planeswalk Discipline; Speed Focus Discipline; Stonestance Discipline; Thunderkick Discipline; Voiddance Discipline; Whirlwind Discipline; Silentfist Discipline; Mighty Strike Discipline; Bellow of the Mastruq; Elbow Strike; Commanding Voice; Champion's Aura
2026-10-03 18:09:59 | +7351ms | tome-spike 0.1.0-spike.2 | row 1 | "Akheva Blood" | qty=1 | price=3pp 1gp 4sp 9cp | lvl=--
2026-10-03 18:09:59 | +7351ms | tome-spike 0.1.0-spike.2 | row 2 | "Autumn Crocus" | qty=1 | price=0pp 8gp 3sp 9cp | lvl=--
2026-10-03 18:09:59 | +7351ms | tome-spike 0.1.0-spike.2 | row 3 | "Barbed Ringmail Gloves (Enchanted)" | qty=1 | price=11pp 4gp 6sp 1cp | lvl=--
2026-10-03 18:09:59 | +7351ms | tome-spike 0.1.0-spike.2 | row 4 | "Bile Drenched Main-gauche (Legendary)" | qty=1 | price=9pp 8gp 4sp 9cp | lvl=--
2026-10-03 18:09:59 | +7352ms | tome-spike 0.1.0-spike.2 | row 5 | "Bile Filled Vial" | qty=1 | price=209pp 9gp 9sp 9cp | lvl=--
2026-10-03 18:09:59 | +7352ms | tome-spike 0.1.0-spike.2 | row 6 | "Black Sapphire" | qty=1 | price=275pp 6gp 2sp 5cp | lvl=--
2026-10-03 18:09:59 | +7352ms | tome-spike 0.1.0-spike.2 | row 7 | "Blue Diamond" | qty=1 | price=393pp 7gp 4sp 9cp | lvl=--
2026-10-03 18:09:59 | +7352ms | tome-spike 0.1.0-spike.2 | row 8 | "Bubonian Bandage Turban" | qty=1 | price=5pp 2gp 5sp 0cp | lvl=--
2026-10-03 18:09:59 | +7353ms | tome-spike 0.1.0-spike.2 | row 9 | "Bubonian Blood" | qty=1 | price=15pp 7gp 4sp 9cp | lvl=--
2026-10-03 18:09:59 | +7353ms | tome-spike 0.1.0-spike.2 | row 10 | "Bubonian Claws" | qty=1 | price=97pp 6gp 4sp 9cp | lvl=--
2026-10-03 18:09:59 | +7353ms | tome-spike 0.1.0-spike.2 | row 11 | "Cap of Drowned Souls" | qty=1 | price=11pp 8gp 6sp 4cp | lvl=--
2026-10-03 18:09:59 | +7353ms | tome-spike 0.1.0-spike.2 | row 12 | "Circled Toe Bones" | qty=1 | price=3pp 6gp 7sp 4cp | lvl=--
2026-10-03 18:09:59 | +7365ms | tome-spike 0.1.0-spike.2 | row 13 | "Complex Gold Gem Dusted Rune" | qty=1 | price=5pp 0gp 4sp 0cp | lvl=--
2026-10-03 18:09:59 | +7366ms | tome-spike 0.1.0-spike.2 | row 14 | "Crysotherium" | qty=3 | price=15pp 7gp 4sp 9cp | lvl=--
2026-10-03 18:09:59 | +7366ms | tome-spike 0.1.0-spike.2 | row 15 | "Dark Skeleton Remains" | qty=1 | price=0pp 0gp 0sp 2cp | lvl=--
2026-10-03 18:09:59 | +7366ms | tome-spike 0.1.0-spike.2 | row 16 | "Dathor Great Hammer (Legendary)" | qty=1 | price=209pp 9gp 9sp 9cp | lvl=--
2026-10-03 18:09:59 | +7366ms | tome-spike 0.1.0-spike.2 | row 17 | "Dathor Scale Helm" | qty=1 | price=209pp 9gp 9sp 9cp | lvl=--
2026-10-03 18:09:59 | +7367ms | tome-spike 0.1.0-spike.2 | row 18 | "Dathor Scale Helm (Enchanted)" | qty=1 | price=209pp 9gp 9sp 9cp | lvl=--
2026-10-03 18:09:59 | +7367ms | tome-spike 0.1.0-spike.2 | row 19 | "Death Mask of the Elysians" | qty=4 | price=209pp 9gp 9sp 9cp | lvl=--
2026-10-03 18:09:59 | +7367ms | tome-spike 0.1.0-spike.2 | row 20 | "Death Watcher's Shroud" | qty=3 | price=209pp 9gp 9sp 9cp | lvl=--
2026-10-03 18:09:59 | +7367ms | tome-spike 0.1.0-spike.2 | row 21 | "Death Watcher's Shroud (Enchanted)" | qty=1 | price=209pp 9gp 9sp 9cp | lvl=--
2026-10-03 18:09:59 | +7367ms | tome-spike 0.1.0-spike.2 | row 22 | "Dense Hammered Casing" | qty=1 | price=0pp 0gp 0sp 2cp | lvl=--
2026-10-03 18:09:59 | +7368ms | tome-spike 0.1.0-spike.2 | row 23 | "Diaku Forged Maul" | qty=2 | price=26pp 2gp 4sp 9cp | lvl=--
2026-10-03 18:09:59 | +7368ms | tome-spike 0.1.0-spike.2 | row 24 | "Diaku Forged Scimitar" | qty=2 | price=26pp 2gp 4sp 9cp | lvl=--
2026-10-03 18:09:59 | +7368ms | tome-spike 0.1.0-spike.2 | row 25 | "Diaku Forged War Hammer" | qty=1 | price=26pp 2gp 4sp 9cp | lvl=--
2026-10-03 18:09:59 | +7368ms | tome-spike 0.1.0-spike.2 | row 26 | "Diamond" | qty=1 | price=315pp 0gp 0sp 0cp | lvl=--
2026-10-03 18:09:59 | +7368ms | tome-spike 0.1.0-spike.2 | row 27 | "Dream Weaver Pantaloons" | qty=1 | price=3pp 0gp 4sp 4cp | lvl=--
2026-10-03 18:09:59 | +7368ms | tome-spike 0.1.0-spike.2 | row 28 | "Dream Weaver Veil (Enchanted)" | qty=1 | price=3pp 3gp 5sp 9cp | lvl=--
2026-10-03 18:09:59 | +7369ms | tome-spike 0.1.0-spike.2 | row 29 | "Dreamstone" | qty=1 | price=354pp 3gp 7sp 4cp | lvl=--
2026-10-03 18:09:59 | +7369ms | tome-spike 0.1.0-spike.2 | row 30 | "Elysian Leggings" | qty=1 | price=5pp 4gp 5sp 9cp | lvl=--
2026-10-03 18:09:59 | +7369ms | tome-spike 0.1.0-spike.2 | row 31 | "Emberstone" | qty=3 | price=20pp 4gp 7sp 5cp | lvl=--
2026-10-03 18:09:59 | +7369ms | tome-spike 0.1.0-spike.2 | row 32 | "Essence of Darkness" | qty=8 | price=5pp 2gp 5sp 0cp | lvl=--
2026-10-03 18:09:59 | +7370ms | tome-spike 0.1.0-spike.2 | row 33 | "Fine Spinneret Fluid" | qty=1 | price=131pp 2gp 5sp 0cp | lvl=--
2026-10-03 18:09:59 | +7370ms | tome-spike 0.1.0-spike.2 | row 34 | "Flawless Blue Jewel of Nimbleness" | qty=1 | price=3pp 1gp 4sp 9cp | lvl=--
2026-10-03 18:09:59 | +7370ms | tome-spike 0.1.0-spike.2 | row 35 | "Froglok Poison Gland" | qty=1 | price=0pp 0gp 7sp 8cp | lvl=--
2026-10-03 18:09:59 | +7370ms | tome-spike 0.1.0-spike.2 | row 36 | "Frost Goblin Skin" | qty=1 | price=0pp 5gp 2sp 5cp | lvl=--
2026-10-03 18:09:59 | +7370ms | tome-spike 0.1.0-spike.2 | row 37 | "Galorian Flesh" | qty=1 | price=9pp 4gp 5sp 0cp | lvl=--
2026-10-03 18:09:59 | +7371ms | tome-spike 0.1.0-spike.2 | row 38 | "Glimmering Statuette" | qty=1 | price=2pp 5gp 2sp 0cp | lvl=--
2026-10-03 18:09:59 | +7371ms | tome-spike 0.1.0-spike.2 | row 39 | "Gold Etched Gear #1" | qty=1 | price=0pp 0gp 0sp 2cp | lvl=--
2026-10-03 18:09:59 | +7371ms | tome-spike 0.1.0-spike.2 | row 40 | "Gold Etched Gear #3" | qty=1 | price=0pp 0gp 0sp 2cp | lvl=--
2026-10-03 18:09:59 | +7371ms | tome-spike 0.1.0-spike.2 | row 41 | "Gold Etched Reinforced Rod" | qty=1 | price=0pp 0gp 0sp 2cp | lvl=--
2026-10-03 18:09:59 | +7372ms | tome-spike 0.1.0-spike.2 | row 42 | "Half of Rallos' Plans" | qty=1 | price=0pp 0gp 0sp 2cp | lvl=--
2026-10-03 18:09:59 | +7372ms | tome-spike 0.1.0-spike.2 | row 43 | "Helm of Raldukan" | qty=1 | price=209pp 9gp 9sp 9cp | lvl=--
2026-10-03 18:09:59 | +7372ms | tome-spike 0.1.0-spike.2 | row 44 | "Helm of Raldukan (Enchanted)" | qty=1 | price=209pp 9gp 9sp 9cp | lvl=--
2026-10-03 18:09:59 | +7372ms | tome-spike 0.1.0-spike.2 | row 45 | "Helm of Raldukan (Legendary)" | qty=2 | price=209pp 9gp 9sp 9cp | lvl=--
2026-10-03 18:09:59 | +7372ms | tome-spike 0.1.0-spike.2 | row 46 | "Hive Fiend's Brain" | qty=1 | price=209pp 9gp 9sp 9cp | lvl=--
2026-10-03 18:09:59 | +7382ms | tome-spike 0.1.0-spike.2 | row 47 | "Hive Fiend's Brain (Enchanted)" | qty=1 | price=209pp 9gp 9sp 9cp | lvl=--
2026-10-03 18:09:59 | +7383ms | tome-spike 0.1.0-spike.2 | row 48 | "Indicolite" | qty=1 | price=15pp 7gp 4sp 9cp | lvl=--
2026-10-03 18:09:59 | +7383ms | tome-spike 0.1.0-spike.2 | row 49 | "Large Bone Chips" | qty=1 | price=4pp 7gp 2sp 5cp | lvl=--
2026-10-03 18:09:59 | +7383ms | tome-spike 0.1.0-spike.2 | row 50 | "Large Zelniak Tooth" | qty=3 | price=9pp 4gp 5sp 0cp | lvl=--
2026-10-03 18:09:59 | +7383ms | tome-spike 0.1.0-spike.2 | row 51 | "Luclinite" | qty=1 | price=133pp 8gp 7sp 5cp | lvl=--
2026-10-03 18:09:59 | +7384ms | tome-spike 0.1.0-spike.2 | row 52 | "Luggald Heart" | qty=1 | price=0pp 0gp 0sp 2cp | lvl=--
2026-10-03 18:09:59 | +7384ms | tome-spike 0.1.0-spike.2 | row 53 | "Mephit Meat" | qty=1 | price=0pp 1gp 2sp 5cp | lvl=--
2026-10-03 18:09:59 | +7384ms | tome-spike 0.1.0-spike.2 | row 54 | "Metallic Substance" | qty=1 | price=15pp 7gp 4sp 9cp | lvl=--
2026-10-03 18:09:59 | +7384ms | tome-spike 0.1.0-spike.2 | row 55 | "Minotaur Tibia" | qty=1 | price=0pp 0gp 7sp 8cp | lvl=--
2026-10-03 18:09:59 | +7384ms | tome-spike 0.1.0-spike.2 | row 56 | "Nodding Blue Lily" | qty=1 | price=0pp 8gp 3sp 9cp | lvl=--
2026-10-03 18:09:59 | +7385ms | tome-spike 0.1.0-spike.2 | row 57 | "Noise Maker" | qty=1 | price=0pp 0gp 0sp 2cp | lvl=--
2026-10-03 18:09:59 | +7385ms | tome-spike 0.1.0-spike.2 | row 58 | "Obsidianwood Bow Staff (Enchanted)" | qty=1 | price=75pp 6gp 0sp 0cp | lvl=--
2026-10-03 18:09:59 | +7385ms | tome-spike 0.1.0-spike.2 | row 59 | "Old Dragon Horn" | qty=1 | price=25pp 1gp 9sp 9cp | lvl=--
2026-10-03 18:09:59 | +7385ms | tome-spike 0.1.0-spike.2 | row 60 | "Opal Bracelet" | qty=1 | price=133pp 8gp 7sp 5cp | lvl=--
2026-10-03 18:09:59 | +7385ms | tome-spike 0.1.0-spike.2 | row 61 | "Phase Spider Blood" | qty=1 | price=0pp 0gp 0sp 2cp | lvl=100
2026-10-03 18:09:59 | +7386ms | tome-spike 0.1.0-spike.2 | row 62 | "Phoenix Egg" | qty=1 | price=1pp 5gp 7sp 4cp | lvl=--
2026-10-03 18:09:59 | +7386ms | tome-spike 0.1.0-spike.2 | row 63 | "Phosphorous Powder" | qty=9 | price=3pp 3gp 0sp 7cp | lvl=--
2026-10-03 18:09:59 | +7386ms | tome-spike 0.1.0-spike.2 | row 64 | "Platinum Gem Dusted Rune" | qty=1 | price=5pp 3gp 5sp 5cp | lvl=--
2026-10-03 18:09:59 | +7386ms | tome-spike 0.1.0-spike.2 | row 65 | "Pliable Goo" | qty=2 | price=0pp 0gp 0sp 2cp | lvl=--
2026-10-03 18:09:59 | +7386ms | tome-spike 0.1.0-spike.2 | row 66 | "Primal Velium Claidhmore (Enchanted)" | qty=1 | price=35pp 6gp 6sp 0cp | lvl=--
2026-10-03 18:09:59 | +7387ms | tome-spike 0.1.0-spike.2 | row 67 | "Raw Diamond" | qty=2 | price=315pp 0gp 0sp 0cp | lvl=--
2026-10-03 18:09:59 | +7387ms | tome-spike 0.1.0-spike.2 | row 68 | "Ruby" | qty=1 | price=196pp 8gp 7sp 4cp | lvl=--
2026-10-03 18:09:59 | +7387ms | tome-spike 0.1.0-spike.2 | row 69 | "Rune of Synergy" | qty=4 | price=7pp 3gp 4sp 9cp | lvl=--
2026-10-03 18:09:59 | +7387ms | tome-spike 0.1.0-spike.2 | row 70 | "Rune of Vortex" | qty=1 | price=8pp 1gp 8sp 9cp | lvl=--
2026-10-03 18:09:59 | +7387ms | tome-spike 0.1.0-spike.2 | row 71 | "Shadow Weave Ring" | qty=3 | price=209pp 9gp 9sp 9cp | lvl=--
2026-10-03 18:09:59 | +7388ms | tome-spike 0.1.0-spike.2 | row 72 | "Shadow Weave Ring (Enchanted)" | qty=1 | price=209pp 9gp 9sp 9cp | lvl=--
2026-10-03 18:09:59 | +7388ms | tome-spike 0.1.0-spike.2 | row 73 | "Shadowy Assassin Sash" | qty=1 | price=2100pp 0gp 0sp 0cp | lvl=--
2026-10-03 18:09:59 | +7388ms | tome-spike 0.1.0-spike.2 | row 74 | "Shadowy Assassin Sash (Enchanted)" | qty=1 | price=2100pp 0gp 0sp 0cp | lvl=--
2026-10-03 18:09:59 | +7388ms | tome-spike 0.1.0-spike.2 | row 75 | "Shadowy Assassin's Cape" | qty=4 | price=209pp 9gp 9sp 9cp | lvl=--
2026-10-03 18:09:59 | +7388ms | tome-spike 0.1.0-spike.2 | row 76 | "Shadowy Assassin's Cape (Enchanted)" | qty=2 | price=209pp 9gp 9sp 9cp | lvl=--
2026-10-03 18:09:59 | +7388ms | tome-spike 0.1.0-spike.2 | row 77 | "Shadowy Assassin's Cape (Legendary)" | qty=1 | price=209pp 9gp 9sp 9cp | lvl=--
2026-10-03 18:09:59 | +7389ms | tome-spike 0.1.0-spike.2 | row 78 | "Shadowy Dirk" | qty=1 | price=209pp 9gp 9sp 9cp | lvl=--
2026-10-03 18:09:59 | +7389ms | tome-spike 0.1.0-spike.2 | row 79 | "Short Sword of Slaughter (Enchanted)" | qty=1 | price=17pp 9gp 6sp 5cp | lvl=--
2026-10-03 18:09:59 | +7389ms | tome-spike 0.1.0-spike.2 | row 80 | "Shroud of Longevity (Enchanted)" | qty=1 | price=24pp 2gp 5sp 4cp | lvl=--
2026-10-03 18:09:59 | +7398ms | tome-spike 0.1.0-spike.2 | row 81 | "Skeleton Parts" | qty=2 | price=0pp 0gp 1sp 5cp | lvl=--
2026-10-03 18:09:59 | +7399ms | tome-spike 0.1.0-spike.2 | row 82 | "Skull Charm (Enchanted)" | qty=1 | price=16pp 6gp 9sp 5cp | lvl=--
2026-10-03 18:09:59 | +7399ms | tome-spike 0.1.0-spike.2 | row 83 | "Skull Marked Shield" | qty=5 | price=209pp 9gp 9sp 9cp | lvl=--
2026-10-03 18:09:59 | +7399ms | tome-spike 0.1.0-spike.2 | row 84 | "Skull Marked Shield (Enchanted)" | qty=2 | price=209pp 9gp 9sp 9cp | lvl=--
2026-10-03 18:09:59 | +7399ms | tome-spike 0.1.0-spike.2 | row 85 | "Song: Battlecry of the Vah Shir" | qty=1 | price=77pp 4gp 0sp 3cp | lvl= 52
2026-10-03 18:09:59 | +7400ms | tome-spike 0.1.0-spike.2 | row 86 | "Spirit-Touched Phased Spider Thorax" | qty=1 | price=0pp 0gp 0sp 2cp | lvl=--
2026-10-03 18:09:59 | +7400ms | tome-spike 0.1.0-spike.2 | row 87 | "Stratolite" | qty=1 | price=7pp 0gp 8sp 7cp | lvl=--
2026-10-03 18:09:59 | +7400ms | tome-spike 0.1.0-spike.2 | row 88 | "Sunshard Pebble" | qty=4 | price=0pp 0gp 1sp 5cp | lvl=--
2026-10-03 18:09:59 | +7400ms | tome-spike 0.1.0-spike.2 | row 89 | "Tainted Planar Essence" | qty=1 | price=6pp 2gp 9sp 9cp | lvl=--
2026-10-03 18:09:59 | +7400ms | tome-spike 0.1.0-spike.2 | row 90 | "Tegi Scales" | qty=1 | price=9pp 4gp 5sp 0cp | lvl=--
2026-10-03 18:09:59 | +7401ms | tome-spike 0.1.0-spike.2 | row 91 | "Tome of Deflection Discipline" | qty=-- | price=263pp 5gp 5sp 8cp | lvl= 59 | derived="Deflection Discipline" | in known list=no | Me.CombatAbility(derived)=nil Name=nil
2026-10-03 18:09:59 | +7401ms | tome-spike 0.1.0-spike.2 | row 92 | "Tome of Fearless Discipline" | qty=-- | price=21pp 0gp 9sp 0cp | lvl= 40 | derived="Fearless Discipline" | in known list=YES | Me.CombatAbility(derived)=4 Name=nil
2026-10-03 18:09:59 | +7401ms | tome-spike 0.1.0-spike.2 | row 93 | "Tome of Leechcurse Discipline" | qty=-- | price=119pp 3gp 1sp 7cp | lvl= 60 | derived="Leechcurse Discipline" | in known list=no | Me.CombatAbility(derived)=nil Name=nil
2026-10-03 18:09:59 | +7402ms | tome-spike 0.1.0-spike.2 | row 94 | "Tome of Resistant Discipline" | qty=-- | price=6pp 9gp 9sp 7cp | lvl= 30 | derived="Resistant Discipline" | in known list=YES | Me.CombatAbility(derived)=2 Name=nil
2026-10-03 18:09:59 | +7402ms | tome-spike 0.1.0-spike.2 | row 95 | "Tome of Unholy Aura Discipline" | qty=-- | price=82pp 4gp 0sp 1cp | lvl= 55 | derived="Unholy Aura Discipline" | in known list=no | Me.CombatAbility(derived)=nil Name=nil
2026-10-03 18:09:59 | +7402ms | tome-spike 0.1.0-spike.2 | row 96 | "Troll Parts" | qty=1 | price=0pp 0gp 1sp 5cp | lvl=--
2026-10-03 18:09:59 | +7402ms | tome-spike 0.1.0-spike.2 | row 97 | "Twilight Worms" | qty=1 | price=0pp 8gp 3sp 9cp | lvl=--
2026-10-03 18:09:59 | +7403ms | tome-spike 0.1.0-spike.2 | row 98 | "Vah Shir Skin Robe" | qty=4 | price=209pp 9gp 9sp 9cp | lvl=--
2026-10-03 18:09:59 | +7403ms | tome-spike 0.1.0-spike.2 | row 99 | "Velium Two Handed Sword" | qty=1 | price=66pp 1gp 5sp 0cp | lvl=--
2026-10-03 18:09:59 | +7403ms | tome-spike 0.1.0-spike.2 | row 100 | "Versluierd Fungus" | qty=1 | price=0pp 5gp 2sp 5cp | lvl=--
2026-10-03 18:09:59 | +7403ms | tome-spike 0.1.0-spike.2 | row 101 | "Warblade of the Fallen" | qty=1 | price=2100pp 0gp 0sp 0cp | lvl=--
2026-10-03 18:09:59 | +7404ms | tome-spike 0.1.0-spike.2 | row 102 | "Watery Lens" | qty=1 | price=3pp 1gp 4sp 9cp | lvl=--
2026-10-03 18:09:59 | +7404ms | tome-spike 0.1.0-spike.2 | row 103 | "Windstone" | qty=4 | price=26pp 7gp 7sp 4cp | lvl=--
2026-10-03 18:09:59 | +7404ms | tome-spike 0.1.0-spike.2 | row 104 | "Zraxthril Forged Cutlass" | qty=1 | price=56pp 6gp 9sp 9cp | lvl=--
2026-10-03 18:09:59 | +7404ms | tome-spike 0.1.0-spike.2 | row 105 | "Zraxthril Forged Mace" | qty=1 | price=51pp 9gp 7sp 4cp | lvl=--
2026-10-03 18:09:59 | +7404ms | tome-spike 0.1.0-spike.2 | summary: 105 rows; 5 start with "Tome of "; 100 other rows; the discipline named by the tome is in the known list for 2, not for 3; name prefixes: Akheva Blood x1; Autumn Crocus x1; Barbed Ringmail x1; Bile Drenched x1; Bile Filled x1; Black Sapphire x1; Blue Diamond x1; Bubonian Bandage x1; Bubonian Blood x1; Bubonian Claws x1; Cap of x1; Circled Toe x1; Complex Gold x1; Crysotherium x1; Dark Skeleton x1; Dathor Great x1; Dathor Scale x2; Death Mask x1; Death Watcher's x2; Dense Hammered x1; Diaku Forged x3; Diamond x1; Dream Weaver x2; Dreamstone x1; Elysian Leggings x1; Emberstone x1; Essence of x1; Fine Spinneret x1; Flawless Blue x1; Froglok Poison x1; Frost Goblin x1; Galorian Flesh x1; Glimmering Statuette x1; Gold Etched x3; Half of x1; Helm of x3; Hive Fiend's x2; Indicolite x1; Large Bone x1; Large Zelniak x1; Luclinite x1; Luggald Heart x1; Mephit Meat x1; Metallic Substance x1; Minotaur Tibia x1; Nodding Blue x1; Noise Maker x1; Obsidianwood Bow x1; Old Dragon x1; Opal Bracelet x1; Phase Spider x1; Phoenix Egg x1; Phosphorous Powder x1; Platinum Gem x1; Pliable Goo x1; Primal Velium x1; Raw Diamond x1; Ruby x1; Rune of x2; Shadow Weave x2; Shadowy Assassin x2; Shadowy Assassin's x3; Shadowy Dirk x1; Short Sword x1; Shroud of x1; Skeleton Parts x1; Skull Charm x1; Skull Marked x2; Song: Battlecry x1; Spirit-Touched Phased x1; Stratolite x1; Sunshard Pebble x1; Tainted Planar x1; Tegi Scales x1; Tome of x5; Troll Parts x1; Twilight Worms x1; Vah Shir x1; Velium Two x1; Versluierd Fungus x1; Warblade of x1; Watery Lens x1; Windstone x1; Zraxthril Forged x2
2026-10-03 18:09:59 | +7405ms | tome-spike 0.1.0-spike.2 | dump: 105 rows, 5 tomes, 100 other; known disciplines 39 (matched to tomes: 2); details in C:\Users\Public\MacroQuest\Logs/spellspree/spike_multiclass_Kylaeris.log
2026-10-03 18:10:19 | +7336ms | tome-spike 0.1.0-spike.2 | mode dump; vendor(target)="Heldin Swordbreaker"; zone=poknowledge; character=Kylaeris; visible rows=126
2026-10-03 18:10:19 | +7337ms | tome-spike 0.1.0-spike.2 | discipline scan: Me.CombatAbilityCount=unavailable; scanned up to slot 400; last filled slot=40
2026-10-03 18:10:19 | +7337ms | tome-spike 0.1.0-spike.2 | known disciplines by Me.CombatAbility(index): 39: Focused Will Discipline; Resistant Discipline; Provoke; Fearless Discipline; Phantom Wind; Phantom Zephyr; Throw Stone; Bellow; Evasive Discipline; Charge Discipline; Defensive Discipline; Berate; Furious Discipline; Precision Discipline; Fortitude Discipline; Fellstrike Discipline; Aggressive Discipline; Stonewall Discipline; Incite; Spirit of Rage Discipline; Healing Will Discipline; Ashenhand Discipline; Earthwalk Discipline; Hundred Fists Discipline; Innerflame Discipline; Phantom Call; Phantom Echo; Planeswalk Discipline; Speed Focus Discipline; Stonestance Discipline; Thunderkick Discipline; Voiddance Discipline; Whirlwind Discipline; Silentfist Discipline; Mighty Strike Discipline; Bellow of the Mastruq; Elbow Strike; Commanding Voice; Champion's Aura
2026-10-03 18:10:19 | +7337ms | tome-spike 0.1.0-spike.2 | row 1 | "Akheva Blood" | qty=1 | price=3pp 1gp 4sp 9cp | lvl=--
2026-10-03 18:10:19 | +7337ms | tome-spike 0.1.0-spike.2 | row 2 | "Alabaster Beak" | qty=1 | price=31pp 4gp 9sp 9cp | lvl=--
2026-10-03 18:10:19 | +7338ms | tome-spike 0.1.0-spike.2 | row 3 | "Battle Worn Trinket" | qty=1 | price=212pp 6gp 2sp 4cp | lvl=--
2026-10-03 18:10:19 | +7338ms | tome-spike 0.1.0-spike.2 | row 4 | "Batwing Crunchies" | qty=1 | price=0pp 0gp 2sp 8cp | lvl=--
2026-10-03 18:10:19 | +7338ms | tome-spike 0.1.0-spike.2 | row 5 | "Belt of Dripping Bile" | qty=1 | price=5pp 3gp 5sp 5cp | lvl=--
2026-10-03 18:10:19 | +7338ms | tome-spike 0.1.0-spike.2 | row 6 | "Bile Drenched Main-gauche" | qty=5 | price=3pp 4gp 5sp 4cp | lvl=--
2026-10-03 18:10:19 | +7338ms | tome-spike 0.1.0-spike.2 | row 7 | "Bile Drenched Main-gauche (Enchanted)" | qty=1 | price=6pp 9gp 0sp 8cp | lvl=--
2026-10-03 18:10:19 | +7339ms | tome-spike 0.1.0-spike.2 | row 8 | "Bile Drenched Main-gauche (Legendary)" | qty=1 | price=9pp 8gp 4sp 9cp | lvl=--
2026-10-03 18:10:19 | +7339ms | tome-spike 0.1.0-spike.2 | row 9 | "Boar Meat" | qty=1 | price=1pp 2gp 6sp 0cp | lvl=--
2026-10-03 18:10:19 | +7339ms | tome-spike 0.1.0-spike.2 | row 10 | "Bracketed Chitin Mail" | qty=1 | price=209pp 9gp 9sp 9cp | lvl=--
2026-10-03 18:10:19 | +7339ms | tome-spike 0.1.0-spike.2 | row 11 | "Brick of Bloodmetal" | qty=1 | price=62pp 9gp 9sp 9cp | lvl=--
2026-10-03 18:10:19 | +7340ms | tome-spike 0.1.0-spike.2 | row 12 | "Bronze Medallion of Service" | qty=2 | price=0pp 0gp 0sp 2cp | lvl=--
2026-10-03 18:10:19 | +7351ms | tome-spike 0.1.0-spike.2 | row 13 | "Bubonian Bandage Turban (Enchanted)" | qty=2 | price=14pp 0gp 6sp 9cp | lvl=--
2026-10-03 18:10:19 | +7352ms | tome-spike 0.1.0-spike.2 | row 14 | "Bubonian Head" | qty=1 | price=70pp 8gp 7sp 5cp | lvl=--
2026-10-03 18:10:19 | +7352ms | tome-spike 0.1.0-spike.2 | row 15 | "Circled Toe Bones" | qty=1 | price=3pp 6gp 7sp 4cp | lvl=--
2026-10-03 18:10:19 | +7352ms | tome-spike 0.1.0-spike.2 | row 16 | "Circled Toe Bones (Legendary)" | qty=1 | price=17pp 9gp 5sp 5cp | lvl=--
2026-10-03 18:10:19 | +7352ms | tome-spike 0.1.0-spike.2 | row 17 | "Crysotherium" | qty=1 | price=15pp 7gp 4sp 9cp | lvl=--
2026-10-03 18:10:19 | +7353ms | tome-spike 0.1.0-spike.2 | row 18 | "Crystallized Sulfur" | qty=3 | price=0pp 3gp 0sp 2cp | lvl=--
2026-10-03 18:10:19 | +7353ms | tome-spike 0.1.0-spike.2 | row 19 | "Dark Skeleton Remains" | qty=1 | price=0pp 0gp 0sp 2cp | lvl=--
2026-10-03 18:10:19 | +7353ms | tome-spike 0.1.0-spike.2 | row 20 | "Dark Steel Long Sword (Enchanted)" | qty=1 | price=113pp 3gp 9sp 9cp | lvl=--
2026-10-03 18:10:19 | +7353ms | tome-spike 0.1.0-spike.2 | row 21 | "Dark Steel Two Handed Sword (Enchanted)" | qty=1 | price=132pp 3gp 0sp 0cp | lvl=--
2026-10-03 18:10:19 | +7353ms | tome-spike 0.1.0-spike.2 | row 22 | "Dark Steel Warhammer" | qty=1 | price=108pp 6gp 7sp 4cp | lvl=--
2026-10-03 18:10:19 | +7354ms | tome-spike 0.1.0-spike.2 | row 23 | "Dathor Scale Helm" | qty=3 | price=209pp 9gp 9sp 9cp | lvl=--
2026-10-03 18:10:19 | +7354ms | tome-spike 0.1.0-spike.2 | row 24 | "Dathor Scale Helm (Enchanted)" | qty=3 | price=209pp 9gp 9sp 9cp | lvl=--
2026-10-03 18:10:19 | +7354ms | tome-spike 0.1.0-spike.2 | row 25 | "Death Mask of the Elysians" | qty=2 | price=209pp 9gp 9sp 9cp | lvl=--
2026-10-03 18:10:19 | +7354ms | tome-spike 0.1.0-spike.2 | row 26 | "Diaku Forged Axe" | qty=1 | price=26pp 2gp 4sp 9cp | lvl=--
2026-10-03 18:10:19 | +7354ms | tome-spike 0.1.0-spike.2 | row 27 | "Diaku Forged Maul" | qty=1 | price=26pp 2gp 4sp 9cp | lvl=--
2026-10-03 18:10:19 | +7355ms | tome-spike 0.1.0-spike.2 | row 28 | "Diamond" | qty=3 | price=315pp 0gp 0sp 0cp | lvl=--
2026-10-03 18:10:19 | +7355ms | tome-spike 0.1.0-spike.2 | row 29 | "Dream Weaver Amice" | qty=1 | price=2pp 3gp 1sp 0cp | lvl=--
2026-10-03 18:10:19 | +7355ms | tome-spike 0.1.0-spike.2 | row 30 | "Dream Weaver Amice (Legendary)" | qty=1 | price=8pp 4gp 0sp 0cp | lvl=--
2026-10-03 18:10:19 | +7355ms | tome-spike 0.1.0-spike.2 | row 31 | "Dream Weaver Cap" | qty=1 | price=2pp 1gp 0sp 0cp | lvl=--
2026-10-03 18:10:19 | +7355ms | tome-spike 0.1.0-spike.2 | row 32 | "Dream Weaver Veil" | qty=1 | price=1pp 3gp 6sp 4cp | lvl=--
2026-10-03 18:10:19 | +7355ms | tome-spike 0.1.0-spike.2 | row 33 | "Dreamstone" | qty=2 | price=354pp 3gp 7sp 4cp | lvl=--
2026-10-03 18:10:19 | +7356ms | tome-spike 0.1.0-spike.2 | row 34 | "Elven Blood" | qty=1 | price=1pp 0gp 5sp 0cp | lvl=--
2026-10-03 18:10:19 | +7356ms | tome-spike 0.1.0-spike.2 | row 35 | "Elysian Bracelet (Enchanted)" | qty=1 | price=8pp 6gp 1sp 0cp | lvl=--
2026-10-03 18:10:19 | +7356ms | tome-spike 0.1.0-spike.2 | row 36 | "Elysian Gloves" | qty=1 | price=3pp 0gp 4sp 4cp | lvl=--
2026-10-03 18:10:19 | +7356ms | tome-spike 0.1.0-spike.2 | row 37 | "Elysian Skull" | qty=1 | price=0pp 0gp 0sp 2cp | lvl=--
2026-10-03 18:10:19 | +7356ms | tome-spike 0.1.0-spike.2 | row 38 | "Emberstone" | qty=2 | price=20pp 4gp 7sp 5cp | lvl=--
2026-10-03 18:10:19 | +7357ms | tome-spike 0.1.0-spike.2 | row 39 | "Essence of Darkness" | qty=14 | price=5pp 2gp 5sp 0cp | lvl=--
2026-10-03 18:10:19 | +7357ms | tome-spike 0.1.0-spike.2 | row 40 | "Essence of Rathe" | qty=1 | price=2pp 8gp 3sp 4cp | lvl=--
2026-10-03 18:10:19 | +7357ms | tome-spike 0.1.0-spike.2 | row 41 | "Exquisite Velium Gem Dusted Rune" | qty=1 | price=6pp 1gp 4sp 2cp | lvl=--
2026-10-03 18:10:19 | +7357ms | tome-spike 0.1.0-spike.2 | row 42 | "Flame of Fennin" | qty=2 | price=6pp 2gp 9sp 9cp | lvl=--
2026-10-03 18:10:19 | +7357ms | tome-spike 0.1.0-spike.2 | row 43 | "Flesh Eater's Eye" | qty=2 | price=209pp 9gp 9sp 9cp | lvl=--
2026-10-03 18:10:19 | +7358ms | tome-spike 0.1.0-spike.2 | row 44 | "Flesh Eater's Eye (Enchanted)" | qty=1 | price=209pp 9gp 9sp 9cp | lvl=--
2026-10-03 18:10:19 | +7358ms | tome-spike 0.1.0-spike.2 | row 45 | "Froglok Poison Gland" | qty=1 | price=0pp 0gp 7sp 8cp | lvl=--
2026-10-03 18:10:19 | +7358ms | tome-spike 0.1.0-spike.2 | row 46 | "Galorian Flesh" | qty=1 | price=9pp 4gp 5sp 0cp | lvl=--
2026-10-03 18:10:19 | +7368ms | tome-spike 0.1.0-spike.2 | row 47 | "Gantru Charm" | qty=1 | price=209pp 9gp 9sp 9cp | lvl=--
2026-10-03 18:10:19 | +7369ms | tome-spike 0.1.0-spike.2 | row 48 | "Gantru Charm (Enchanted)" | qty=3 | price=209pp 9gp 9sp 9cp | lvl=--
2026-10-03 18:10:19 | +7369ms | tome-spike 0.1.0-spike.2 | row 49 | "Half of Rallos' Plans" | qty=1 | price=0pp 0gp 0sp 2cp | lvl=--
2026-10-03 18:10:19 | +7369ms | tome-spike 0.1.0-spike.2 | row 50 | "Helm of Raldukan" | qty=2 | price=209pp 9gp 9sp 9cp | lvl=--
2026-10-03 18:10:19 | +7369ms | tome-spike 0.1.0-spike.2 | row 51 | "Iolite" | qty=2 | price=275pp 6gp 2sp 5cp | lvl=--
2026-10-03 18:10:19 | +7369ms | tome-spike 0.1.0-spike.2 | row 52 | "Large Bone Chips" | qty=1 | price=4pp 7gp 2sp 5cp | lvl=--
2026-10-03 18:10:19 | +7370ms | tome-spike 0.1.0-spike.2 | row 53 | "Large Zelniak Tooth" | qty=4 | price=9pp 4gp 5sp 0cp | lvl=--
2026-10-03 18:10:19 | +7370ms | tome-spike 0.1.0-spike.2 | row 54 | "Lucidem" | qty=1 | price=0pp 0gp 1sp 0cp | lvl=--
2026-10-03 18:10:19 | +7370ms | tome-spike 0.1.0-spike.2 | row 55 | "Mace of the Fallen Crusader (Enchanted)" | qty=1 | price=17pp 9gp 3sp 4cp | lvl=--
2026-10-03 18:10:19 | +7370ms | tome-spike 0.1.0-spike.2 | row 56 | "Minor Signet of the Dark Sorcerer" | qty=1 | price=0pp 0gp 0sp 2cp | lvl=--
2026-10-03 18:10:19 | +7370ms | tome-spike 0.1.0-spike.2 | row 57 | "Moist Marrow" | qty=1 | price=65pp 6gp 2sp 5cp | lvl=--
2026-10-03 18:10:19 | +7370ms | tome-spike 0.1.0-spike.2 | row 58 | "Nodding Blue Lily" | qty=2 | price=0pp 8gp 3sp 9cp | lvl=--
2026-10-03 18:10:19 | +7371ms | tome-spike 0.1.0-spike.2 | row 59 | "Obsidianwood Sap" | qty=1 | price=7pp 8gp 7sp 4cp | lvl=--
2026-10-03 18:10:19 | +7371ms | tome-spike 0.1.0-spike.2 | row 60 | "Ogre Meat" | qty=1 | price=0pp 0gp 1sp 5cp | lvl=--
2026-10-03 18:10:19 | +7371ms | tome-spike 0.1.0-spike.2 | row 61 | "Peridot" | qty=1 | price=15pp 7gp 4sp 9cp | lvl=--
2026-10-03 18:10:19 | +7371ms | tome-spike 0.1.0-spike.2 | row 62 | "Phosphorous Powder" | qty=12 | price=3pp 3gp 0sp 7cp | lvl=--
2026-10-03 18:10:19 | +7371ms | tome-spike 0.1.0-spike.2 | row 63 | "Planes Rift" | qty=8 | price=0pp 0gp 0sp 2cp | lvl=--
2026-10-03 18:10:19 | +7372ms | tome-spike 0.1.0-spike.2 | row 64 | "Platinum Medallion of Service" | qty=1 | price=0pp 0gp 0sp 2cp | lvl=--
2026-10-03 18:10:19 | +7372ms | tome-spike 0.1.0-spike.2 | row 65 | "Pliable Goo" | qty=3 | price=0pp 0gp 0sp 2cp | lvl=--
2026-10-03 18:10:19 | +7372ms | tome-spike 0.1.0-spike.2 | row 66 | "Prismatic Crystal" | qty=1 | price=0pp 0gp 0sp 2cp | lvl=--
2026-10-03 18:10:19 | +7372ms | tome-spike 0.1.0-spike.2 | row 67 | "Putrid Belt of Rotten Hide (Enchanted)" | qty=1 | price=9pp 1gp 3sp 5cp | lvl=--
2026-10-03 18:10:19 | +7372ms | tome-spike 0.1.0-spike.2 | row 68 | "Raldukan Boots" | qty=1 | price=5pp 2gp 5sp 0cp | lvl=--
2026-10-03 18:10:19 | +7373ms | tome-spike 0.1.0-spike.2 | row 69 | "Raw Diamond" | qty=1 | price=315pp 0gp 0sp 0cp | lvl=--
2026-10-03 18:10:19 | +7373ms | tome-spike 0.1.0-spike.2 | row 70 | "Raw Indigo Nihilite" | qty=1 | price=0pp 1gp 0sp 4cp | lvl=--
2026-10-03 18:10:19 | +7373ms | tome-spike 0.1.0-spike.2 | row 71 | "Refined Binding Powder" | qty=1 | price=6pp 7gp 7sp 2cp | lvl=--
2026-10-03 18:10:19 | +7373ms | tome-spike 0.1.0-spike.2 | row 72 | "Rhodocrosite" | qty=1 | price=3pp 9gp 3sp 7cp | lvl=--
2026-10-03 18:10:19 | +7373ms | tome-spike 0.1.0-spike.2 | row 73 | "Rune of Ap`Sagor" | qty=1 | price=8pp 4gp 0sp 0cp | lvl=--
2026-10-03 18:10:19 | +7373ms | tome-spike 0.1.0-spike.2 | row 74 | "Rune of Impulse" | qty=1 | price=8pp 1gp 8sp 9cp | lvl=--
2026-10-03 18:10:19 | +7374ms | tome-spike 0.1.0-spike.2 | row 75 | "Rune of Synergy" | qty=1 | price=7pp 3gp 4sp 9cp | lvl=--
2026-10-03 18:10:19 | +7374ms | tome-spike 0.1.0-spike.2 | row 76 | "Sarcoscypha Fungus" | qty=1 | price=0pp 1gp 0sp 4cp | lvl=--
2026-10-03 18:10:19 | +7374ms | tome-spike 0.1.0-spike.2 | row 77 | "Shadow Weave Ring" | qty=1 | price=209pp 9gp 9sp 9cp | lvl=--
2026-10-03 18:10:19 | +7374ms | tome-spike 0.1.0-spike.2 | row 78 | "Shadowy Assassin Sash" | qty=3 | price=2100pp 0gp 0sp 0cp | lvl=--
2026-10-03 18:10:19 | +7374ms | tome-spike 0.1.0-spike.2 | row 79 | "Shadowy Assassin Sash (Enchanted)" | qty=2 | price=2100pp 0gp 0sp 0cp | lvl=--
2026-10-03 18:10:19 | +7375ms | tome-spike 0.1.0-spike.2 | row 80 | "Shadowy Assassin's Cape" | qty=4 | price=209pp 9gp 9sp 9cp | lvl=--
2026-10-03 18:10:19 | +7386ms | tome-spike 0.1.0-spike.2 | row 81 | "Shadowy Dirk (Legendary)" | qty=1 | price=209pp 9gp 9sp 9cp | lvl=--
2026-10-03 18:10:19 | +7386ms | tome-spike 0.1.0-spike.2 | row 82 | "Skill: Fists of Wu" | qty=-- | price=520pp 9gp 3sp 1cp | lvl= 68
2026-10-03 18:10:19 | +7386ms | tome-spike 0.1.0-spike.2 | row 83 | "Skill: Master's Aura" | qty=-- | price=627pp 2gp 6sp 8cp | lvl= 70
2026-10-03 18:10:19 | +7387ms | tome-spike 0.1.0-spike.2 | row 84 | "Skull Marked Shield" | qty=4 | price=209pp 9gp 9sp 9cp | lvl=--
2026-10-03 18:10:19 | +7387ms | tome-spike 0.1.0-spike.2 | row 85 | "Skull Marked Shield (Enchanted)" | qty=2 | price=209pp 9gp 9sp 9cp | lvl=--
2026-10-03 18:10:19 | +7387ms | tome-spike 0.1.0-spike.2 | row 86 | "Smashed War Grubs" | qty=2 | price=6pp 2gp 9sp 9cp | lvl=--
2026-10-03 18:10:19 | +7387ms | tome-spike 0.1.0-spike.2 | row 87 | "Smolder (Enchanted)" | qty=1 | price=10pp 7gp 7sp 9cp | lvl=--
2026-10-03 18:10:19 | +7387ms | tome-spike 0.1.0-spike.2 | row 88 | "Solist's Earring of Insight (Enchanted)" | qty=1 | price=22pp 7gp 8sp 4cp | lvl=--
2026-10-03 18:10:19 | +7388ms | tome-spike 0.1.0-spike.2 | row 89 | "Spell: Blessing of Aegolism" | qty=1 | price=23pp 5gp 1sp 9cp | lvl= 60
2026-10-03 18:10:19 | +7388ms | tome-spike 0.1.0-spike.2 | row 90 | "Spell: Ice Spear of Solist" | qty=1 | price=37pp 3gp 8sp 0cp | lvl= 60
2026-10-03 18:10:19 | +7388ms | tome-spike 0.1.0-spike.2 | row 91 | "Spell: Thunder of Karana" | qty=2 | price=51pp 1gp 9sp 1cp | lvl= 47
2026-10-03 18:10:19 | +7388ms | tome-spike 0.1.0-spike.2 | row 92 | "Strand of Ether" | qty=2 | price=3pp 1gp 4sp 9cp | lvl=--
2026-10-03 18:10:19 | +7388ms | tome-spike 0.1.0-spike.2 | row 93 | "Sunshard Ore" | qty=2 | price=0pp 0gp 7sp 8cp | lvl=--
2026-10-03 18:10:19 | +7389ms | tome-spike 0.1.0-spike.2 | row 94 | "Symbol of the Diaku" | qty=1 | price=165pp 3gp 7sp 5cp | lvl=--
2026-10-03 18:10:19 | +7389ms | tome-spike 0.1.0-spike.2 | row 95 | "Tainted Planar Essence" | qty=4 | price=6pp 2gp 9sp 9cp | lvl=--
2026-10-03 18:10:19 | +7389ms | tome-spike 0.1.0-spike.2 | row 96 | "Tome of Ashenhand Discipline" | qty=-- | price=117pp 7gp 5sp 3cp | lvl= 60 | derived="Ashenhand Discipline" | in known list=YES | Me.CombatAbility(derived)=23 Name=nil
2026-10-03 18:10:19 | +7389ms | tome-spike 0.1.0-spike.2 | row 97 | "Tome of Earthwalk Discipline" | qty=-- | price=207pp 5gp 5sp 7cp | lvl= 65 | derived="Earthwalk Discipline" | in known list=YES | Me.CombatAbility(derived)=24 Name=nil
2026-10-03 18:10:19 | +7390ms | tome-spike 0.1.0-spike.2 | row 98 | "Tome of Elbow Strike" | qty=-- | price=0pp 0gp 5sp 8cp | lvl=  5 | derived="Elbow Strike" | in known list=YES | Me.CombatAbility(derived)=38 Name=nil
2026-10-03 18:10:19 | +7390ms | tome-spike 0.1.0-spike.2 | row 99 | "Tome of Fearless Discipline" | qty=-- | price=21pp 0gp 9sp 0cp | lvl= 40 | derived="Fearless Discipline" | in known list=YES | Me.CombatAbility(derived)=4 Name=nil
2026-10-03 18:10:19 | +7390ms | tome-spike 0.1.0-spike.2 | row 100 | "Tome of Focused Will Discipline" | qty=-- | price=0pp 1gp 9sp 3cp | lvl= 10 | derived="Focused Will Discipline" | in known list=YES | Me.CombatAbility(derived)=1 Name=nil
2026-10-03 18:10:19 | +7391ms | tome-spike 0.1.0-spike.2 | row 101 | "Tome of Healing Will Discipline" | qty=-- | price=168pp 4gp 8sp 5cp | lvl= 63 | derived="Healing Will Discipline" | in known list=YES | Me.CombatAbility(derived)=22 Name=nil
2026-10-03 18:10:19 | +7391ms | tome-spike 0.1.0-spike.2 | row 102 | "Tome of Hundred Fists Discipline" | qty=-- | price=96pp 7gp 0sp 2cp | lvl= 57 | derived="Hundred Fists Discipline" | in known list=YES | Me.CombatAbility(derived)=25 Name=nil
2026-10-03 18:10:19 | +7392ms | tome-spike 0.1.0-spike.2 | row 103 | "Tome of Inner Flame Discipline" | qty=-- | price=89pp 0gp 2sp 5cp | lvl= 56 | derived="Inner Flame Discipline" | in known list=no | Me.CombatAbility(derived)=nil Name=nil
2026-10-03 18:10:19 | +7392ms | tome-spike 0.1.0-spike.2 | row 104 | "Tome of Phantom Call" | qty=-- | price=178pp 8gp 7sp 3cp | lvl= 64 | derived="Phantom Call" | in known list=YES | Me.CombatAbility(derived)=27 Name=nil
2026-10-03 18:10:19 | +7392ms | tome-spike 0.1.0-spike.2 | row 105 | "Tome of Phantom Echo" | qty=-- | price=118pp 8gp 7sp 6cp | lvl= 57 | derived="Phantom Echo" | in known list=YES | Me.CombatAbility(derived)=28 Name=nil
2026-10-03 18:10:19 | +7393ms | tome-spike 0.1.0-spike.2 | row 106 | "Tome of Phantom Shadow" | qty=-- | price=40pp 6gp 1sp 4cp | lvl= 65 | derived="Phantom Shadow" | in known list=no | Me.CombatAbility(derived)=nil Name=nil
2026-10-03 18:10:19 | +7393ms | tome-spike 0.1.0-spike.2 | row 107 | "Tome of Phantom Wind" | qty=-- | price=71pp 3gp 9sp 1cp | lvl= 50 | derived="Phantom Wind" | in known list=YES | Me.CombatAbility(derived)=5 Name=nil
2026-10-03 18:10:19 | +7393ms | tome-spike 0.1.0-spike.2 | row 108 | "Tome of Phantom Zephyr" | qty=-- | price=18pp 8gp 0sp 7cp | lvl= 35 | derived="Phantom Zephyr" | in known list=YES | Me.CombatAbility(derived)=6 Name=nil
2026-10-03 18:10:19 | +7394ms | tome-spike 0.1.0-spike.2 | row 109 | "Tome of Planeswalk Discipline" | qty=-- | price=150pp 6gp 8sp 9cp | lvl= 61 | derived="Planeswalk Discipline" | in known list=YES | Me.CombatAbility(derived)=29 Name=nil
2026-10-03 18:10:19 | +7394ms | tome-spike 0.1.0-spike.2 | row 110 | "Tome of Resistant Discipline" | qty=-- | price=6pp 9gp 9sp 7cp | lvl= 30 | derived="Resistant Discipline" | in known list=YES | Me.CombatAbility(derived)=2 Name=nil
2026-10-03 18:10:19 | +7394ms | tome-spike 0.1.0-spike.2 | row 111 | "Tome of Silentfist Discipline" | qty=-- | price=109pp 7gp 7sp 3cp | lvl= 59 | derived="Silentfist Discipline" | in known list=YES | Me.CombatAbility(derived)=35 Name=nil
2026-10-03 18:10:19 | +7403ms | tome-spike 0.1.0-spike.2 | row 112 | "Tome of Speed Focus Discipline" | qty=-- | price=170pp 4gp 6sp 3cp | lvl= 63 | derived="Speed Focus Discipline" | in known list=YES | Me.CombatAbility(derived)=30 Name=nil
2026-10-03 18:10:19 | +7403ms | tome-spike 0.1.0-spike.2 | row 113 | "Tome of Stone Stance Discipline" | qty=-- | price=59pp 8gp 7sp 7cp | lvl= 51 | derived="Stone Stance Discipline" | in known list=no | Me.CombatAbility(derived)=nil Name=nil
2026-10-03 18:10:19 | +7403ms | tome-spike 0.1.0-spike.2 | row 114 | "Tome of Throw Stone" | qty=-- | price=0pp 0gp 4sp 2cp | lvl=  1 | derived="Throw Stone" | in known list=YES | Me.CombatAbility(derived)=7 Name=nil
2026-10-03 18:10:19 | +7404ms | tome-spike 0.1.0-spike.2 | row 115 | "Tome of Thunderkick Discipline" | qty=-- | price=64pp 8gp 8sp 7cp | lvl= 52 | derived="Thunderkick Discipline" | in known list=YES | Me.CombatAbility(derived)=32 Name=nil
2026-10-03 18:10:19 | +7404ms | tome-spike 0.1.0-spike.2 | row 116 | "Tome of Voiddance Discipline" | qty=-- | price=76pp 0gp 9sp 9cp | lvl= 54 | derived="Voiddance Discipline" | in known list=YES | Me.CombatAbility(derived)=33 Name=nil
2026-10-03 18:10:19 | +7404ms | tome-spike 0.1.0-spike.2 | row 117 | "Tome of Whirlwind Discipline" | qty=-- | price=71pp 6gp 5sp 6cp | lvl= 53 | derived="Whirlwind Discipline" | in known list=YES | Me.CombatAbility(derived)=34 Name=nil
2026-10-03 18:10:19 | +7404ms | tome-spike 0.1.0-spike.2 | row 118 | "Troll Parts" | qty=1 | price=0pp 0gp 1sp 5cp | lvl=--
2026-10-03 18:10:19 | +7405ms | tome-spike 0.1.0-spike.2 | row 119 | "Twilight Cloth Shroud (Legendary)" | qty=1 | price=141pp 7gp 5sp 0cp | lvl=--
2026-10-03 18:10:19 | +7405ms | tome-spike 0.1.0-spike.2 | row 120 | "Umbracite" | qty=1 | price=188pp 9gp 9sp 9cp | lvl=--
2026-10-03 18:10:19 | +7405ms | tome-spike 0.1.0-spike.2 | row 121 | "Uncut Demantoid" | qty=1 | price=0pp 1gp 0sp 4cp | lvl=--
2026-10-03 18:10:19 | +7405ms | tome-spike 0.1.0-spike.2 | row 122 | "Vah Shir Skin Robe" | qty=2 | price=209pp 9gp 9sp 9cp | lvl=--
2026-10-03 18:10:19 | +7405ms | tome-spike 0.1.0-spike.2 | row 123 | "Vah Shir Skin Robe (Legendary)" | qty=1 | price=209pp 9gp 9sp 9cp | lvl=--
2026-10-03 18:10:19 | +7406ms | tome-spike 0.1.0-spike.2 | row 124 | "Windstone" | qty=8 | price=26pp 7gp 7sp 4cp | lvl=--
2026-10-03 18:10:19 | +7406ms | tome-spike 0.1.0-spike.2 | row 125 | "Words of Edification" | qty=1 | price=7pp 1gp 3sp 9cp | lvl=--
2026-10-03 18:10:19 | +7406ms | tome-spike 0.1.0-spike.2 | row 126 | "Words of Projection" | qty=1 | price=3pp 7gp 7sp 9cp | lvl=--
2026-10-03 18:10:19 | +7406ms | tome-spike 0.1.0-spike.2 | summary: 126 rows; 22 start with "Tome of "; 104 other rows; the discipline named by the tome is in the known list for 19, not for 3; name prefixes: Akheva Blood x1; Alabaster Beak x1; Battle Worn x1; Batwing Crunchies x1; Belt of x1; Bile Drenched x3; Boar Meat x1; Bracketed Chitin x1; Brick of x1; Bronze Medallion x1; Bubonian Bandage x1; Bubonian Head x1; Circled Toe x2; Crysotherium x1; Crystallized Sulfur x1; Dark Skeleton x1; Dark Steel x3; Dathor Scale x2; Death Mask x1; Diaku Forged x2; Diamond x1; Dream Weaver x4; Dreamstone x1; Elven Blood x1; Elysian Bracelet x1; Elysian Gloves x1; Elysian Skull x1; Emberstone x1; Essence of x2; Exquisite Velium x1; Flame of x1; Flesh Eater's x2; Froglok Poison x1; Galorian Flesh x1; Gantru Charm x2; Half of x1; Helm of x1; Iolite x1; Large Bone x1; Large Zelniak x1; Lucidem x1; Mace of x1; Minor Signet x1; Moist Marrow x1; Nodding Blue x1; Obsidianwood Sap x1; Ogre Meat x1; Peridot x1; Phosphorous Powder x1; Planes Rift x1; Platinum Medallion x1; Pliable Goo x1; Prismatic Crystal x1; Putrid Belt x1; Raldukan Boots x1; Raw Diamond x1; Raw Indigo x1; Refined Binding x1; Rhodocrosite x1; Rune of x3; Sarcoscypha Fungus x1; Shadow Weave x1; Shadowy Assassin x2; Shadowy Assassin's x1; Shadowy Dirk x1; Skill: Fists x1; Skill: Master's x1; Skull Marked x2; Smashed War x1; Smolder (Enchanted) x1; Solist's Earring x1; Spell: Blessing x1; Spell: Ice x1; Spell: Thunder x1; Strand of x1; Sunshard Ore x1; Symbol of x1; Tainted Planar x1; Tome of x22; Troll Parts x1; Twilight Cloth x1; Umbracite x1; Uncut Demantoid x1; Vah Shir x2; Windstone x1; Words of x2
2026-10-03 18:10:19 | +7407ms | tome-spike 0.1.0-spike.2 | dump: 126 rows, 22 tomes, 104 other; known disciplines 39 (matched to tomes: 19); details in C:\Users\Public\MacroQuest\Logs/spellspree/spike_multiclass_Kylaeris.log
2026-10-03 18:10:38 | +7321ms | tome-spike 0.1.0-spike.2 | mode dump; vendor(target)="Heldin Swordbreaker"; zone=poknowledge; character=Kylaeris; visible rows=105
2026-10-03 18:10:38 | +7321ms | tome-spike 0.1.0-spike.2 | discipline scan: Me.CombatAbilityCount=unavailable; scanned up to slot 400; last filled slot=40
2026-10-03 18:10:38 | +7322ms | tome-spike 0.1.0-spike.2 | known disciplines by Me.CombatAbility(index): 39: Focused Will Discipline; Resistant Discipline; Provoke; Fearless Discipline; Phantom Wind; Phantom Zephyr; Throw Stone; Bellow; Evasive Discipline; Charge Discipline; Defensive Discipline; Berate; Furious Discipline; Precision Discipline; Fortitude Discipline; Fellstrike Discipline; Aggressive Discipline; Stonewall Discipline; Incite; Spirit of Rage Discipline; Healing Will Discipline; Ashenhand Discipline; Earthwalk Discipline; Hundred Fists Discipline; Innerflame Discipline; Phantom Call; Phantom Echo; Planeswalk Discipline; Speed Focus Discipline; Stonestance Discipline; Thunderkick Discipline; Voiddance Discipline; Whirlwind Discipline; Silentfist Discipline; Mighty Strike Discipline; Bellow of the Mastruq; Elbow Strike; Commanding Voice; Champion's Aura
2026-10-03 18:10:38 | +7322ms | tome-spike 0.1.0-spike.2 | row 1 | "Battle Worn Trinket" | qty=1 | price=212pp 6gp 2sp 4cp | lvl=--
2026-10-03 18:10:38 | +7322ms | tome-spike 0.1.0-spike.2 | row 2 | "Bile Drenched Main-gauche" | qty=1 | price=3pp 4gp 5sp 4cp | lvl=--
2026-10-03 18:10:38 | +7322ms | tome-spike 0.1.0-spike.2 | row 3 | "Bubonian Bandage Turban" | qty=1 | price=5pp 2gp 5sp 0cp | lvl=--
2026-10-03 18:10:38 | +7322ms | tome-spike 0.1.0-spike.2 | row 4 | "Bubonian Bandage Turban (Enchanted)" | qty=1 | price=14pp 0gp 6sp 9cp | lvl=--
2026-10-03 18:10:38 | +7323ms | tome-spike 0.1.0-spike.2 | row 5 | "Burnt Silk" | qty=1 | price=20pp 4gp 7sp 5cp | lvl=--
2026-10-03 18:10:38 | +7323ms | tome-spike 0.1.0-spike.2 | row 6 | "Chetari Wardstaff (Enchanted)" | qty=1 | price=24pp 7gp 5sp 2cp | lvl=--
2026-10-03 18:10:38 | +7323ms | tome-spike 0.1.0-spike.2 | row 7 | "Circled Toe Bones" | qty=1 | price=3pp 6gp 7sp 4cp | lvl=--
2026-10-03 18:10:38 | +7323ms | tome-spike 0.1.0-spike.2 | row 8 | "Crown of the Hive" | qty=1 | price=209pp 9gp 9sp 9cp | lvl=--
2026-10-03 18:10:38 | +7323ms | tome-spike 0.1.0-spike.2 | row 9 | "Crown of the Hive (Enchanted)" | qty=2 | price=209pp 9gp 9sp 9cp | lvl=--
2026-10-03 18:10:38 | +7324ms | tome-spike 0.1.0-spike.2 | row 10 | "Crystallized Sulfur" | qty=1 | price=0pp 3gp 0sp 2cp | lvl=--
2026-10-03 18:10:38 | +7324ms | tome-spike 0.1.0-spike.2 | row 11 | "Dark Assassin Bracer" | qty=1 | price=1pp 2gp 6sp 0cp | lvl=--
2026-10-03 18:10:38 | +7324ms | tome-spike 0.1.0-spike.2 | row 12 | "Dark Master Bracer" | qty=1 | price=1pp 5gp 7sp 4cp | lvl=--
2026-10-03 18:10:38 | +7337ms | tome-spike 0.1.0-spike.2 | row 13 | "Dark Master Chestplate" | qty=1 | price=6pp 4gp 0sp 4cp | lvl=--
2026-10-03 18:10:38 | +7338ms | tome-spike 0.1.0-spike.2 | row 14 | "Dark Skeleton Remains" | qty=3 | price=0pp 0gp 0sp 2cp | lvl=--
2026-10-03 18:10:38 | +7338ms | tome-spike 0.1.0-spike.2 | row 15 | "Darkbone Skull" | qty=1 | price=0pp 0gp 0sp 2cp | lvl=--
2026-10-03 18:10:38 | +7338ms | tome-spike 0.1.0-spike.2 | row 16 | "Dathor Great Hammer (Enchanted)" | qty=2 | price=209pp 9gp 9sp 9cp | lvl=--
2026-10-03 18:10:38 | +7338ms | tome-spike 0.1.0-spike.2 | row 17 | "Dathor Scale Helm" | qty=1 | price=209pp 9gp 9sp 9cp | lvl=--
2026-10-03 18:10:38 | +7339ms | tome-spike 0.1.0-spike.2 | row 18 | "Dathor Scale Helm (Enchanted)" | qty=1 | price=209pp 9gp 9sp 9cp | lvl=--
2026-10-03 18:10:38 | +7339ms | tome-spike 0.1.0-spike.2 | row 19 | "Death Mask of the Elysians" | qty=1 | price=209pp 9gp 9sp 9cp | lvl=--
2026-10-03 18:10:38 | +7339ms | tome-spike 0.1.0-spike.2 | row 20 | "Death Mask of the Elysians (Enchanted)" | qty=1 | price=209pp 9gp 9sp 9cp | lvl=--
2026-10-03 18:10:38 | +7339ms | tome-spike 0.1.0-spike.2 | row 21 | "Death Watcher's Shroud" | qty=3 | price=209pp 9gp 9sp 9cp | lvl=--
2026-10-03 18:10:38 | +7339ms | tome-spike 0.1.0-spike.2 | row 22 | "Death Watcher's Shroud (Enchanted)" | qty=2 | price=209pp 9gp 9sp 9cp | lvl=--
2026-10-03 18:10:38 | +7340ms | tome-spike 0.1.0-spike.2 | row 23 | "Death Watcher's Shroud (Legendary)" | qty=1 | price=209pp 9gp 9sp 9cp | lvl=--
2026-10-03 18:10:38 | +7340ms | tome-spike 0.1.0-spike.2 | row 24 | "Decayed Right Boot" | qty=1 | price=0pp 0gp 0sp 2cp | lvl=--
2026-10-03 18:10:38 | +7340ms | tome-spike 0.1.0-spike.2 | row 25 | "Diaku Blood" | qty=1 | price=6pp 2gp 9sp 9cp | lvl=--
2026-10-03 18:10:38 | +7340ms | tome-spike 0.1.0-spike.2 | row 26 | "Diaku Forged Maul" | qty=1 | price=26pp 2gp 4sp 9cp | lvl=--
2026-10-03 18:10:38 | +7340ms | tome-spike 0.1.0-spike.2 | row 27 | "Diaku Forged Scimitar" | qty=2 | price=26pp 2gp 4sp 9cp | lvl=--
2026-10-03 18:10:38 | +7341ms | tome-spike 0.1.0-spike.2 | row 28 | "Diaku Forged Sword" | qty=1 | price=26pp 2gp 4sp 9cp | lvl=--
2026-10-03 18:10:38 | +7341ms | tome-spike 0.1.0-spike.2 | row 29 | "Dream Weaver Choker (Enchanted)" | qty=1 | price=2pp 9gp 3sp 9cp | lvl=--
2026-10-03 18:10:38 | +7341ms | tome-spike 0.1.0-spike.2 | row 30 | "Dream Weaver Gloves" | qty=1 | price=2pp 1gp 0sp 0cp | lvl=--
2026-10-03 18:10:38 | +7341ms | tome-spike 0.1.0-spike.2 | row 31 | "Dream Weaver Pantaloons" | qty=1 | price=3pp 0gp 4sp 4cp | lvl=--
2026-10-03 18:10:38 | +7341ms | tome-spike 0.1.0-spike.2 | row 32 | "Dream Weaver Sleeves (Enchanted)" | qty=1 | price=3pp 4gp 6sp 4cp | lvl=--
2026-10-03 18:10:38 | +7342ms | tome-spike 0.1.0-spike.2 | row 33 | "Elaborate Binding Powder" | qty=1 | price=10pp 5gp 5sp 2cp | lvl=--
2026-10-03 18:10:38 | +7342ms | tome-spike 0.1.0-spike.2 | row 34 | "Elementary Binding Powder" | qty=1 | price=1pp 1gp 0sp 2cp | lvl=--
2026-10-03 18:10:38 | +7342ms | tome-spike 0.1.0-spike.2 | row 35 | "Elysian Armplates" | qty=1 | price=2pp 6gp 2sp 5cp | lvl=--
2026-10-03 18:10:38 | +7342ms | tome-spike 0.1.0-spike.2 | row 36 | "Elysian Crown (Enchanted)" | qty=1 | price=12pp 3gp 8sp 9cp | lvl=--
2026-10-03 18:10:38 | +7342ms | tome-spike 0.1.0-spike.2 | row 37 | "Essence of Darkness" | qty=8 | price=5pp 2gp 5sp 0cp | lvl=--
2026-10-03 18:10:38 | +7342ms | tome-spike 0.1.0-spike.2 | row 38 | "Exquisite Platinum Gem Dusted Rune" | qty=2 | price=5pp 6gp 6sp 9cp | lvl=--
2026-10-03 18:10:38 | +7343ms | tome-spike 0.1.0-spike.2 | row 39 | "Eye of Kor (Enchanted)" | qty=1 | price=0pp 0gp 0sp 2cp | lvl=--
2026-10-03 18:10:38 | +7343ms | tome-spike 0.1.0-spike.2 | row 40 | "Fire Beetle Leg" | qty=1 | price=0pp 0gp 1sp 9cp | lvl=--
2026-10-03 18:10:38 | +7343ms | tome-spike 0.1.0-spike.2 | row 41 | "Fire Mephit Skin" | qty=1 | price=28pp 3gp 4sp 9cp | lvl=--
2026-10-03 18:10:38 | +7343ms | tome-spike 0.1.0-spike.2 | row 42 | "Flame of Fennin" | qty=1 | price=6pp 2gp 9sp 9cp | lvl=--
2026-10-03 18:10:38 | +7344ms | tome-spike 0.1.0-spike.2 | row 43 | "Flawless Blue Jewel of Nimbleness" | qty=1 | price=3pp 1gp 4sp 9cp | lvl=--
2026-10-03 18:10:38 | +7344ms | tome-spike 0.1.0-spike.2 | row 44 | "Frost Goblin Skin" | qty=1 | price=0pp 5gp 2sp 5cp | lvl=--
2026-10-03 18:10:38 | +7344ms | tome-spike 0.1.0-spike.2 | row 45 | "Gantru Charm" | qty=1 | price=209pp 9gp 9sp 9cp | lvl=--
2026-10-03 18:10:38 | +7344ms | tome-spike 0.1.0-spike.2 | row 46 | "Gantru Charm (Enchanted)" | qty=1 | price=209pp 9gp 9sp 9cp | lvl=--
2026-10-03 18:10:38 | +7354ms | tome-spike 0.1.0-spike.2 | row 47 | "Gantru Charm (Legendary)" | qty=1 | price=209pp 9gp 9sp 9cp | lvl=--
2026-10-03 18:10:38 | +7355ms | tome-spike 0.1.0-spike.2 | row 48 | "Giant Wood Spider Thorax" | qty=1 | price=0pp 0gp 0sp 2cp | lvl=--
2026-10-03 18:10:38 | +7355ms | tome-spike 0.1.0-spike.2 | row 49 | "Goblin Bones" | qty=1 | price=10pp 5gp 0sp 0cp | lvl=--
2026-10-03 18:10:38 | +7355ms | tome-spike 0.1.0-spike.2 | row 50 | "Helm of Raldukan" | qty=1 | price=209pp 9gp 9sp 9cp | lvl=--
2026-10-03 18:10:38 | +7355ms | tome-spike 0.1.0-spike.2 | row 51 | "Iolite" | qty=1 | price=275pp 6gp 2sp 5cp | lvl=--
2026-10-03 18:10:38 | +7355ms | tome-spike 0.1.0-spike.2 | row 52 | "Large Zelniak Tooth" | qty=1 | price=9pp 4gp 5sp 0cp | lvl=--
2026-10-03 18:10:38 | +7355ms | tome-spike 0.1.0-spike.2 | row 53 | "Mantle of Flame Wisdom" | qty=1 | price=13pp 2gp 2sp 9cp | lvl=--
2026-10-03 18:10:38 | +7356ms | tome-spike 0.1.0-spike.2 | row 54 | "Map Legend" | qty=1 | price=0pp 0gp 0sp 2cp | lvl=--
2026-10-03 18:10:38 | +7356ms | tome-spike 0.1.0-spike.2 | row 55 | "Moktor Vambraces (Enchanted)" | qty=1 | price=5pp 8gp 7sp 9cp | lvl=--
2026-10-03 18:10:38 | +7356ms | tome-spike 0.1.0-spike.2 | row 56 | "Mudwater Rune" | qty=1 | price=0pp 0gp 0sp 2cp | lvl=--
2026-10-03 18:10:38 | +7356ms | tome-spike 0.1.0-spike.2 | row 57 | "Ogre Meat" | qty=1 | price=0pp 0gp 1sp 5cp | lvl=--
2026-10-03 18:10:38 | +7356ms | tome-spike 0.1.0-spike.2 | row 58 | "Perfectly Marbleized Ice Pile" | qty=1 | price=18pp 9gp 0sp 0cp | lvl=--
2026-10-03 18:10:38 | +7357ms | tome-spike 0.1.0-spike.2 | row 59 | "Peridot" | qty=1 | price=15pp 7gp 4sp 9cp | lvl=--
2026-10-03 18:10:38 | +7357ms | tome-spike 0.1.0-spike.2 | row 60 | "Phase Spider Blood" | qty=1 | price=0pp 0gp 0sp 2cp | lvl=100
2026-10-03 18:10:38 | +7357ms | tome-spike 0.1.0-spike.2 | row 61 | "Phosphorous Powder" | qty=5 | price=3pp 3gp 0sp 7cp | lvl=--
2026-10-03 18:10:38 | +7357ms | tome-spike 0.1.0-spike.2 | row 62 | "Piece of the Crystalline Globe" | qty=1 | price=0pp 0gp 0sp 2cp | lvl=--
2026-10-03 18:10:38 | +7357ms | tome-spike 0.1.0-spike.2 | row 63 | "Pliable Goo" | qty=1 | price=0pp 0gp 0sp 2cp | lvl=--
2026-10-03 18:10:38 | +7358ms | tome-spike 0.1.0-spike.2 | row 64 | "Potion of Molten Lava" | qty=1 | price=31pp 4gp 9sp 9cp | lvl=--
2026-10-03 18:10:38 | +7358ms | tome-spike 0.1.0-spike.2 | row 65 | "Quality Plated Necklace" | qty=1 | price=18pp 9gp 0sp 0cp | lvl=--
2026-10-03 18:10:38 | +7358ms | tome-spike 0.1.0-spike.2 | row 66 | "Raw Crimson Nihilite" | qty=1 | price=0pp 4gp 7sp 2cp | lvl=--
2026-10-03 18:10:38 | +7358ms | tome-spike 0.1.0-spike.2 | row 67 | "Raw Diamond" | qty=1 | price=315pp 0gp 0sp 0cp | lvl=--
2026-10-03 18:10:38 | +7358ms | tome-spike 0.1.0-spike.2 | row 68 | "Rhodocrosite" | qty=1 | price=3pp 9gp 3sp 7cp | lvl=--
2026-10-03 18:10:38 | +7359ms | tome-spike 0.1.0-spike.2 | row 69 | "Rotting Flesh Boots" | qty=1 | price=2pp 5gp 2sp 0cp | lvl=--
2026-10-03 18:10:38 | +7359ms | tome-spike 0.1.0-spike.2 | row 70 | "Rough Silk" | qty=1 | price=0pp 1gp 0sp 4cp | lvl=--
2026-10-03 18:10:38 | +7359ms | tome-spike 0.1.0-spike.2 | row 71 | "Rune Etched Vambraces (Legendary)" | qty=1 | price=5pp 4gp 5sp 9cp | lvl=--
2026-10-03 18:10:38 | +7359ms | tome-spike 0.1.0-spike.2 | row 72 | "Rune of Synergy" | qty=4 | price=7pp 3gp 4sp 9cp | lvl=--
2026-10-03 18:10:38 | +7359ms | tome-spike 0.1.0-spike.2 | row 73 | "Shadowy Assassin Sash" | qty=1 | price=2100pp 0gp 0sp 0cp | lvl=--
2026-10-03 18:10:38 | +7360ms | tome-spike 0.1.0-spike.2 | row 74 | "Shadowy Assassin's Cape" | qty=1 | price=209pp 9gp 9sp 9cp | lvl=--
2026-10-03 18:10:38 | +7360ms | tome-spike 0.1.0-spike.2 | row 75 | "Shadowy Assassin's Cape (Enchanted)" | qty=2 | price=209pp 9gp 9sp 9cp | lvl=--
2026-10-03 18:10:38 | +7360ms | tome-spike 0.1.0-spike.2 | row 76 | "Shadowy Dirk (Enchanted)" | qty=1 | price=209pp 9gp 9sp 9cp | lvl=--
2026-10-03 18:10:38 | +7360ms | tome-spike 0.1.0-spike.2 | row 77 | "Skill: Warder's Wrath" | qty=-- | price=547pp 7gp 1sp 2cp | lvl= 69
2026-10-03 18:10:38 | +7360ms | tome-spike 0.1.0-spike.2 | row 78 | "Skull Charm" | qty=2 | price=5pp 6gp 6sp 9cp | lvl=--
2026-10-03 18:10:38 | +7361ms | tome-spike 0.1.0-spike.2 | row 79 | "Skull Marked Shield" | qty=1 | price=209pp 9gp 9sp 9cp | lvl=--
2026-10-03 18:10:38 | +7361ms | tome-spike 0.1.0-spike.2 | row 80 | "Skull Marked Shield (Enchanted)" | qty=2 | price=209pp 9gp 9sp 9cp | lvl=--
2026-10-03 18:10:38 | +7373ms | tome-spike 0.1.0-spike.2 | row 81 | "Skull Marked Shield (Legendary)" | qty=1 | price=209pp 9gp 9sp 9cp | lvl=--
2026-10-03 18:10:38 | +7373ms | tome-spike 0.1.0-spike.2 | row 82 | "Small Bronze Breastplate (Legendary)" | qty=1 | price=23pp 0gp 9sp 9cp | lvl=--
2026-10-03 18:10:38 | +7373ms | tome-spike 0.1.0-spike.2 | row 83 | "Small Bronze Helm" | qty=1 | price=14pp 1gp 7sp 4cp | lvl=--
2026-10-03 18:10:38 | +7373ms | tome-spike 0.1.0-spike.2 | row 84 | "Spell: Foliage Shield" | qty=1 | price=76pp 8gp 9sp 3cp | lvl= 52
2026-10-03 18:10:38 | +7374ms | tome-spike 0.1.0-spike.2 | row 85 | "Spell: Plague of Insects" | qty=1 | price=89pp 3gp 6sp 7cp | lvl= 54
2026-10-03 18:10:38 | +7374ms | tome-spike 0.1.0-spike.2 | row 86 | "Spirit-Touched Phased Spider Thorax" | qty=1 | price=0pp 0gp 0sp 2cp | lvl=--
2026-10-03 18:10:38 | +7374ms | tome-spike 0.1.0-spike.2 | row 87 | "Stralagite" | qty=3 | price=20pp 4gp 7sp 5cp | lvl=--
2026-10-03 18:10:38 | +7374ms | tome-spike 0.1.0-spike.2 | row 88 | "Stratolite" | qty=2 | price=7pp 0gp 8sp 7cp | lvl=--
2026-10-03 18:10:38 | +7374ms | tome-spike 0.1.0-spike.2 | row 89 | "Sullied Silk" | qty=1 | price=0pp 5gp 2sp 5cp | lvl=--
2026-10-03 18:10:38 | +7374ms | tome-spike 0.1.0-spike.2 | row 90 | "Sunshard Pebble" | qty=4 | price=0pp 0gp 1sp 5cp | lvl=--
2026-10-03 18:10:38 | +7375ms | tome-spike 0.1.0-spike.2 | row 91 | "Tainted Planar Essence" | qty=1 | price=6pp 2gp 9sp 9cp | lvl=--
2026-10-03 18:10:38 | +7375ms | tome-spike 0.1.0-spike.2 | row 92 | "Tegi Scales" | qty=1 | price=9pp 4gp 5sp 0cp | lvl=--
2026-10-03 18:10:38 | +7375ms | tome-spike 0.1.0-spike.2 | row 93 | "Tome of Fearless Discipline" | qty=-- | price=21pp 0gp 9sp 0cp | lvl= 40 | derived="Fearless Discipline" | in known list=YES | Me.CombatAbility(derived)=4 Name=nil
2026-10-03 18:10:38 | +7375ms | tome-spike 0.1.0-spike.2 | row 94 | "Tome of Resistant Discipline" | qty=-- | price=6pp 9gp 9sp 7cp | lvl= 30 | derived="Resistant Discipline" | in known list=YES | Me.CombatAbility(derived)=2 Name=nil
2026-10-03 18:10:38 | +7376ms | tome-spike 0.1.0-spike.2 | row 95 | "Tome of Trueshot Discipline" | qty=-- | price=83pp 6gp 3sp 2cp | lvl= 55 | derived="Trueshot Discipline" | in known list=no | Me.CombatAbility(derived)=nil Name=nil
2026-10-03 18:10:38 | +7376ms | tome-spike 0.1.0-spike.2 | row 96 | "Tome of Weapon Shield Discipline" | qty=-- | price=119pp 2gp 9sp 2cp | lvl= 60 | derived="Weapon Shield Discipline" | in known list=no | Me.CombatAbility(derived)=nil Name=nil
2026-10-03 18:10:38 | +7376ms | tome-spike 0.1.0-spike.2 | row 97 | "Troll Parts" | qty=1 | price=0pp 0gp 1sp 5cp | lvl=--
2026-10-03 18:10:38 | +7376ms | tome-spike 0.1.0-spike.2 | row 98 | "Vah Shir Skin Robe (Enchanted)" | qty=2 | price=209pp 9gp 9sp 9cp | lvl=--
2026-10-03 18:10:38 | +7377ms | tome-spike 0.1.0-spike.2 | row 99 | "Velium Gemmed Rune" | qty=1 | price=6pp 2gp 9sp 9cp | lvl=--
2026-10-03 18:10:38 | +7377ms | tome-spike 0.1.0-spike.2 | row 100 | "Warblade of the Fallen" | qty=1 | price=2100pp 0gp 0sp 0cp | lvl=--
2026-10-03 18:10:38 | +7377ms | tome-spike 0.1.0-spike.2 | row 101 | "Warblade of the Fallen (Enchanted)" | qty=1 | price=2100pp 0gp 0sp 0cp | lvl=--
2026-10-03 18:10:38 | +7377ms | tome-spike 0.1.0-spike.2 | row 102 | "Wicked Bone Atlatl (Legendary)" | qty=1 | price=32pp 2gp 3sp 4cp | lvl=--
2026-10-03 18:10:38 | +7378ms | tome-spike 0.1.0-spike.2 | row 103 | "Windstone" | qty=3 | price=26pp 7gp 7sp 4cp | lvl=--
2026-10-03 18:10:38 | +7378ms | tome-spike 0.1.0-spike.2 | row 104 | "Words of Anguish" | qty=1 | price=6pp 7gp 1sp 9cp | lvl=--
2026-10-03 18:10:38 | +7378ms | tome-spike 0.1.0-spike.2 | row 105 | "Wretched Pauldrons" | qty=1 | price=209pp 9gp 9sp 9cp | lvl=--
2026-10-03 18:10:38 | +7378ms | tome-spike 0.1.0-spike.2 | summary: 105 rows; 4 start with "Tome of "; 101 other rows; the discipline named by the tome is in the known list for 2, not for 2; name prefixes: Battle Worn x1; Bile Drenched x1; Bubonian Bandage x2; Burnt Silk x1; Chetari Wardstaff x1; Circled Toe x1; Crown of x2; Crystallized Sulfur x1; Dark Assassin x1; Dark Master x2; Dark Skeleton x1; Darkbone Skull x1; Dathor Great x1; Dathor Scale x2; Death Mask x2; Death Watcher's x3; Decayed Right x1; Diaku Blood x1; Diaku Forged x3; Dream Weaver x4; Elaborate Binding x1; Elementary Binding x1; Elysian Armplates x1; Elysian Crown x1; Essence of x1; Exquisite Platinum x1; Eye of x1; Fire Beetle x1; Fire Mephit x1; Flame of x1; Flawless Blue x1; Frost Goblin x1; Gantru Charm x3; Giant Wood x1; Goblin Bones x1; Helm of x1; Iolite x1; Large Zelniak x1; Mantle of x1; Map Legend x1; Moktor Vambraces x1; Mudwater Rune x1; Ogre Meat x1; Perfectly Marbleized x1; Peridot x1; Phase Spider x1; Phosphorous Powder x1; Piece of x1; Pliable Goo x1; Potion of x1; Quality Plated x1; Raw Crimson x1; Raw Diamond x1; Rhodocrosite x1; Rotting Flesh x1; Rough Silk x1; Rune Etched x1; Rune of x1; Shadowy Assassin x1; Shadowy Assassin's x2; Shadowy Dirk x1; Skill: Warder's x1; Skull Charm x1; Skull Marked x3; Small Bronze x2; Spell: Foliage x1; Spell: Plague x1; Spirit-Touched Phased x1; Stralagite x1; Stratolite x1; Sullied Silk x1; Sunshard Pebble x1; Tainted Planar x1; Tegi Scales x1; Tome of x4; Troll Parts x1; Vah Shir x1; Velium Gemmed x1; Warblade of x2; Wicked Bone x1; Windstone x1; Words of x1; Wretched Pauldrons x1
2026-10-03 18:10:38 | +7379ms | tome-spike 0.1.0-spike.2 | dump: 105 rows, 4 tomes, 101 other; known disciplines 39 (matched to tomes: 2); details in C:\Users\Public\MacroQuest\Logs/spellspree/spike_multiclass_Kylaeris.log
2026-10-03 18:11:33 | +10332ms | tome-spike 0.1.0-spike.2 | mode dump; vendor(target)="Blane Darkblade"; zone=poknowledge; character=Kylaeris; visible rows=120
2026-10-03 18:11:33 | +10332ms | tome-spike 0.1.0-spike.2 | discipline scan: Me.CombatAbilityCount=unavailable; scanned up to slot 400; last filled slot=40
2026-10-03 18:11:33 | +10333ms | tome-spike 0.1.0-spike.2 | known disciplines by Me.CombatAbility(index): 39: Focused Will Discipline; Resistant Discipline; Provoke; Fearless Discipline; Phantom Wind; Phantom Zephyr; Throw Stone; Bellow; Evasive Discipline; Charge Discipline; Defensive Discipline; Berate; Furious Discipline; Precision Discipline; Fortitude Discipline; Fellstrike Discipline; Aggressive Discipline; Stonewall Discipline; Incite; Spirit of Rage Discipline; Healing Will Discipline; Ashenhand Discipline; Earthwalk Discipline; Hundred Fists Discipline; Innerflame Discipline; Phantom Call; Phantom Echo; Planeswalk Discipline; Speed Focus Discipline; Stonestance Discipline; Thunderkick Discipline; Voiddance Discipline; Whirlwind Discipline; Silentfist Discipline; Mighty Strike Discipline; Bellow of the Mastruq; Elbow Strike; Commanding Voice; Champion's Aura
2026-10-03 18:11:33 | +10333ms | tome-spike 0.1.0-spike.2 | row 1 | "Akheva Blood" | qty=1 | price=3pp 1gp 4sp 9cp | lvl=--
2026-10-03 18:11:33 | +10333ms | tome-spike 0.1.0-spike.2 | row 2 | "Ancient Prismatic Brawl Stick (Enchanted)" | qty=1 | price=35pp 6gp 6sp 0cp | lvl=--
2026-10-03 18:11:33 | +10333ms | tome-spike 0.1.0-spike.2 | row 3 | "Baling Hook (Enchanted)" | qty=1 | price=47pp 2gp 4sp 9cp | lvl=--
2026-10-03 18:11:33 | +10333ms | tome-spike 0.1.0-spike.2 | row 4 | "Bile Drenched Main-gauche" | qty=1 | price=3pp 4gp 5sp 4cp | lvl=--
2026-10-03 18:11:33 | +10334ms | tome-spike 0.1.0-spike.2 | row 5 | "Bile Filled Vial (Enchanted)" | qty=1 | price=209pp 9gp 9sp 9cp | lvl=--
2026-10-03 18:11:33 | +10334ms | tome-spike 0.1.0-spike.2 | row 6 | "Brick of Ethereal Energy" | qty=1 | price=84pp 0gp 0sp 0cp | lvl=--
2026-10-03 18:11:33 | +10334ms | tome-spike 0.1.0-spike.2 | row 7 | "Brick of Molten Ore" | qty=1 | price=84pp 0gp 0sp 0cp | lvl=--
2026-10-03 18:11:33 | +10334ms | tome-spike 0.1.0-spike.2 | row 8 | "Broken Mirror" | qty=2 | price=0pp 0gp 0sp 2cp | lvl=--
2026-10-03 18:11:33 | +10334ms | tome-spike 0.1.0-spike.2 | row 9 | "Bubonian Bandage Turban" | qty=1 | price=5pp 2gp 5sp 0cp | lvl=--
2026-10-03 18:11:33 | +10335ms | tome-spike 0.1.0-spike.2 | row 10 | "Bubonian Blood" | qty=1 | price=15pp 7gp 4sp 9cp | lvl=--
2026-10-03 18:11:33 | +10335ms | tome-spike 0.1.0-spike.2 | row 11 | "Bubonian Claws" | qty=1 | price=97pp 6gp 4sp 9cp | lvl=--
2026-10-03 18:11:33 | +10335ms | tome-spike 0.1.0-spike.2 | row 12 | "Chipped Rujarkian Orc Axe (Enchanted)" | qty=1 | price=8pp 9gp 7sp 7cp | lvl=--
2026-10-03 18:11:33 | +10349ms | tome-spike 0.1.0-spike.2 | row 13 | "Circled Toe Bones" | qty=1 | price=3pp 6gp 7sp 4cp | lvl=--
2026-10-03 18:11:33 | +10349ms | tome-spike 0.1.0-spike.2 | row 14 | "Crown of the Hive" | qty=2 | price=209pp 9gp 9sp 9cp | lvl=--
2026-10-03 18:11:33 | +10349ms | tome-spike 0.1.0-spike.2 | row 15 | "Crown of the Hive (Enchanted)" | qty=1 | price=209pp 9gp 9sp 9cp | lvl=--
2026-10-03 18:11:33 | +10349ms | tome-spike 0.1.0-spike.2 | row 16 | "Crysotherium" | qty=2 | price=15pp 7gp 4sp 9cp | lvl=--
2026-10-03 18:11:33 | +10350ms | tome-spike 0.1.0-spike.2 | row 17 | "Dark Assassin Chestplate" | qty=1 | price=3pp 9gp 8sp 9cp | lvl=--
2026-10-03 18:11:33 | +10350ms | tome-spike 0.1.0-spike.2 | row 18 | "Dark Ore Amulet" | qty=1 | price=0pp 0gp 0sp 2cp | lvl=--
2026-10-03 18:11:33 | +10350ms | tome-spike 0.1.0-spike.2 | row 19 | "Dark Steel Morning Star" | qty=1 | price=117pp 1gp 7sp 9cp | lvl=--
2026-10-03 18:11:33 | +10350ms | tome-spike 0.1.0-spike.2 | row 20 | "Dark Steel Rapier" | qty=1 | price=113pp 3gp 9sp 9cp | lvl=--
2026-10-03 18:11:33 | +10350ms | tome-spike 0.1.0-spike.2 | row 21 | "Dark Steel Scimitar" | qty=1 | price=113pp 3gp 9sp 9cp | lvl=--
2026-10-03 18:11:33 | +10351ms | tome-spike 0.1.0-spike.2 | row 22 | "Dark Steel Short Sword" | qty=1 | price=103pp 9gp 4sp 9cp | lvl=--
2026-10-03 18:11:33 | +10351ms | tome-spike 0.1.0-spike.2 | row 23 | "Dathor Great Hammer" | qty=1 | price=209pp 9gp 9sp 9cp | lvl=--
2026-10-03 18:11:33 | +10351ms | tome-spike 0.1.0-spike.2 | row 24 | "Dathor Scale Helm" | qty=2 | price=209pp 9gp 9sp 9cp | lvl=--
2026-10-03 18:11:33 | +10351ms | tome-spike 0.1.0-spike.2 | row 25 | "Dathor Scale Helm (Enchanted)" | qty=1 | price=209pp 9gp 9sp 9cp | lvl=--
2026-10-03 18:11:33 | +10351ms | tome-spike 0.1.0-spike.2 | row 26 | "Death Mask of the Elysians" | qty=2 | price=209pp 9gp 9sp 9cp | lvl=--
2026-10-03 18:11:33 | +10352ms | tome-spike 0.1.0-spike.2 | row 27 | "Death Watcher's Shroud (Enchanted)" | qty=1 | price=209pp 9gp 9sp 9cp | lvl=--
2026-10-03 18:11:33 | +10352ms | tome-spike 0.1.0-spike.2 | row 28 | "Diaku Blood" | qty=1 | price=6pp 2gp 9sp 9cp | lvl=--
2026-10-03 18:11:33 | +10352ms | tome-spike 0.1.0-spike.2 | row 29 | "Diaku Forged Maul" | qty=1 | price=26pp 2gp 4sp 9cp | lvl=--
2026-10-03 18:11:33 | +10352ms | tome-spike 0.1.0-spike.2 | row 30 | "Diaku Forged Scimitar" | qty=1 | price=26pp 2gp 4sp 9cp | lvl=--
2026-10-03 18:11:33 | +10352ms | tome-spike 0.1.0-spike.2 | row 31 | "Diaku Forged Sword" | qty=1 | price=26pp 2gp 4sp 9cp | lvl=--
2026-10-03 18:11:33 | +10353ms | tome-spike 0.1.0-spike.2 | row 32 | "Diamond" | qty=1 | price=315pp 0gp 0sp 0cp | lvl=--
2026-10-03 18:11:33 | +10353ms | tome-spike 0.1.0-spike.2 | row 33 | "Diseased Bubonian Tooth" | qty=1 | price=124pp 4gp 2sp 4cp | lvl=--
2026-10-03 18:11:33 | +10353ms | tome-spike 0.1.0-spike.2 | row 34 | "Dream Weaver Pantaloons (Enchanted)" | qty=1 | price=11pp 5gp 4sp 9cp | lvl=--
2026-10-03 18:11:33 | +10353ms | tome-spike 0.1.0-spike.2 | row 35 | "Dream Weaver Webshield" | qty=1 | price=0pp 0gp 2sp 1cp | lvl=--
2026-10-03 18:11:33 | +10353ms | tome-spike 0.1.0-spike.2 | row 36 | "Dreamstone" | qty=1 | price=354pp 3gp 7sp 4cp | lvl=--
2026-10-03 18:11:33 | +10354ms | tome-spike 0.1.0-spike.2 | row 37 | "Elaborate Binding Powder" | qty=2 | price=10pp 5gp 5sp 2cp | lvl=--
2026-10-03 18:11:33 | +10354ms | tome-spike 0.1.0-spike.2 | row 38 | "Elysian Boots (Enchanted)" | qty=1 | price=10pp 5gp 0sp 0cp | lvl=--
2026-10-03 18:11:33 | +10354ms | tome-spike 0.1.0-spike.2 | row 39 | "Elysian Gloves" | qty=1 | price=3pp 0gp 4sp 4cp | lvl=--
2026-10-03 18:11:33 | +10354ms | tome-spike 0.1.0-spike.2 | row 40 | "Elysian Gloves (Enchanted)" | qty=1 | price=8pp 8gp 2sp 0cp | lvl=--
2026-10-03 18:11:33 | +10354ms | tome-spike 0.1.0-spike.2 | row 41 | "Elysian Skull" | qty=1 | price=0pp 0gp 0sp 2cp | lvl=--
2026-10-03 18:11:33 | +10355ms | tome-spike 0.1.0-spike.2 | row 42 | "Emberstone" | qty=2 | price=20pp 4gp 7sp 5cp | lvl=--
2026-10-03 18:11:33 | +10355ms | tome-spike 0.1.0-spike.2 | row 43 | "Enameled Collar" | qty=1 | price=20pp 4gp 7sp 5cp | lvl=--
2026-10-03 18:11:33 | +10355ms | tome-spike 0.1.0-spike.2 | row 44 | "Essence of Darkness" | qty=9 | price=5pp 2gp 5sp 0cp | lvl=--
2026-10-03 18:11:33 | +10355ms | tome-spike 0.1.0-spike.2 | row 45 | "Executioners Hood" | qty=1 | price=451pp 4gp 9sp 9cp | lvl=--
2026-10-03 18:11:33 | +10355ms | tome-spike 0.1.0-spike.2 | row 46 | "Faded, Watermarked Book" | qty=1 | price=0pp 0gp 0sp 2cp | lvl=--
2026-10-03 18:11:33 | +10364ms | tome-spike 0.1.0-spike.2 | row 47 | "Fading Shadow Staff (Legendary)" | qty=1 | price=66pp 1gp 5sp 0cp | lvl=--
2026-10-03 18:11:33 | +10364ms | tome-spike 0.1.0-spike.2 | row 48 | "Fine Steel Long Sword (Enchanted)" | qty=1 | price=56pp 6gp 9sp 9cp | lvl=--
2026-10-03 18:11:33 | +10364ms | tome-spike 0.1.0-spike.2 | row 49 | "Fire-veined Stone" | qty=1 | price=31pp 4gp 9sp 9cp | lvl=--
2026-10-03 18:11:33 | +10365ms | tome-spike 0.1.0-spike.2 | row 50 | "Flame of Fennin" | qty=1 | price=6pp 2gp 9sp 9cp | lvl=--
2026-10-03 18:11:33 | +10365ms | tome-spike 0.1.0-spike.2 | row 51 | "Flesh Eater's Eye" | qty=1 | price=209pp 9gp 9sp 9cp | lvl=--
2026-10-03 18:11:33 | +10365ms | tome-spike 0.1.0-spike.2 | row 52 | "Froglok Poison Gland" | qty=2 | price=0pp 0gp 7sp 8cp | lvl=--
2026-10-03 18:11:33 | +10365ms | tome-spike 0.1.0-spike.2 | row 53 | "Fungus Clump" | qty=1 | price=6pp 2gp 9sp 9cp | lvl=--
2026-10-03 18:11:33 | +10365ms | tome-spike 0.1.0-spike.2 | row 54 | "Fyr Jen's Blood" | qty=1 | price=0pp 0gp 0sp 2cp | lvl=--
2026-10-03 18:11:33 | +10365ms | tome-spike 0.1.0-spike.2 | row 55 | "Globe of Glowing Evil" | qty=1 | price=18pp 9gp 0sp 0cp | lvl=--
2026-10-03 18:11:33 | +10366ms | tome-spike 0.1.0-spike.2 | row 56 | "Golden Pendant (Legendary)" | qty=1 | price=23pp 6gp 2sp 4cp | lvl=--
2026-10-03 18:11:33 | +10366ms | tome-spike 0.1.0-spike.2 | row 57 | "Green Resistance Stone (Enchanted)" | qty=1 | price=7pp 8gp 7sp 4cp | lvl=--
2026-10-03 18:11:33 | +10366ms | tome-spike 0.1.0-spike.2 | row 58 | "Immaculate Pearl of Magical Warding (Enchanted)" | qty=1 | price=7pp 3gp 4sp 9cp | lvl=--
2026-10-03 18:11:33 | +10366ms | tome-spike 0.1.0-spike.2 | row 59 | "Large Zelniak Tooth" | qty=2 | price=9pp 4gp 5sp 0cp | lvl=--
2026-10-03 18:11:33 | +10367ms | tome-spike 0.1.0-spike.2 | row 60 | "Luclinite" | qty=2 | price=133pp 8gp 7sp 5cp | lvl=--
2026-10-03 18:11:33 | +10367ms | tome-spike 0.1.0-spike.2 | row 61 | "Luggald Dagger" | qty=1 | price=40pp 1gp 6sp 2cp | lvl=--
2026-10-03 18:11:33 | +10367ms | tome-spike 0.1.0-spike.2 | row 62 | "Malleable Loam" | qty=1 | price=39pp 3gp 7sp 5cp | lvl=--
2026-10-03 18:11:33 | +10367ms | tome-spike 0.1.0-spike.2 | row 63 | "Miner's Pick (Enchanted)" | qty=1 | price=9pp 4gp 5sp 0cp | lvl=--
2026-10-03 18:11:33 | +10367ms | tome-spike 0.1.0-spike.2 | row 64 | "Minotaur Blood" | qty=1 | price=22pp 0gp 4sp 9cp | lvl=--
2026-10-03 18:11:33 | +10367ms | tome-spike 0.1.0-spike.2 | row 65 | "Moist Marrow" | qty=1 | price=65pp 6gp 2sp 5cp | lvl=--
2026-10-03 18:11:33 | +10368ms | tome-spike 0.1.0-spike.2 | row 66 | "Old Dragon Horn" | qty=2 | price=25pp 1gp 9sp 9cp | lvl=--
2026-10-03 18:11:33 | +10368ms | tome-spike 0.1.0-spike.2 | row 67 | "Phosphorous Powder" | qty=9 | price=3pp 3gp 0sp 7cp | lvl=--
2026-10-03 18:11:33 | +10368ms | tome-spike 0.1.0-spike.2 | row 68 | "Platinum Gem Dusted Rune" | qty=1 | price=5pp 3gp 5sp 5cp | lvl=--
2026-10-03 18:11:33 | +10368ms | tome-spike 0.1.0-spike.2 | row 69 | "Pliable Goo" | qty=1 | price=0pp 0gp 0sp 2cp | lvl=--
2026-10-03 18:11:33 | +10368ms | tome-spike 0.1.0-spike.2 | row 70 | "Potion of Molten Lava" | qty=1 | price=31pp 4gp 9sp 9cp | lvl=--
2026-10-03 18:11:33 | +10369ms | tome-spike 0.1.0-spike.2 | row 71 | "Putrid Rib Bone" | qty=1 | price=1pp 0gp 5sp 0cp | lvl=--
2026-10-03 18:11:33 | +10369ms | tome-spike 0.1.0-spike.2 | row 72 | "Raw Diamond" | qty=1 | price=315pp 0gp 0sp 0cp | lvl=--
2026-10-03 18:11:33 | +10369ms | tome-spike 0.1.0-spike.2 | row 73 | "Refined Binding Powder" | qty=1 | price=6pp 7gp 7sp 2cp | lvl=--
2026-10-03 18:11:33 | +10369ms | tome-spike 0.1.0-spike.2 | row 74 | "Rhodocrosite" | qty=2 | price=3pp 9gp 3sp 7cp | lvl=--
2026-10-03 18:11:33 | +10369ms | tome-spike 0.1.0-spike.2 | row 75 | "Rune of Amalgamation" | qty=1 | price=6pp 5gp 0sp 9cp | lvl=--
2026-10-03 18:11:33 | +10370ms | tome-spike 0.1.0-spike.2 | row 76 | "Rune of Synergy" | qty=1 | price=7pp 3gp 4sp 9cp | lvl=--
2026-10-03 18:11:33 | +10370ms | tome-spike 0.1.0-spike.2 | row 77 | "Shadow Weave Ring" | qty=2 | price=209pp 9gp 9sp 9cp | lvl=--
2026-10-03 18:11:33 | +10370ms | tome-spike 0.1.0-spike.2 | row 78 | "Shadow Weave Ring (Enchanted)" | qty=1 | price=209pp 9gp 9sp 9cp | lvl=--
2026-10-03 18:11:33 | +10370ms | tome-spike 0.1.0-spike.2 | row 79 | "Shadowy Assassin Sash" | qty=2 | price=2100pp 0gp 0sp 0cp | lvl=--
2026-10-03 18:11:33 | +10370ms | tome-spike 0.1.0-spike.2 | row 80 | "Shadowy Assassin's Cape" | qty=3 | price=209pp 9gp 9sp 9cp | lvl=--
2026-10-03 18:11:33 | +10383ms | tome-spike 0.1.0-spike.2 | row 81 | "Shadowy Assassin's Cape (Enchanted)" | qty=5 | price=209pp 9gp 9sp 9cp | lvl=--
2026-10-03 18:11:33 | +10384ms | tome-spike 0.1.0-spike.2 | row 82 | "Sharp Luggald Claw" | qty=1 | price=6pp 2gp 9sp 9cp | lvl=--
2026-10-03 18:11:33 | +10384ms | tome-spike 0.1.0-spike.2 | row 83 | "Shiv" | qty=1 | price=0pp 7gp 1sp 8cp | lvl=--
2026-10-03 18:11:33 | +10384ms | tome-spike 0.1.0-spike.2 | row 84 | "Skill: Poison Spikes Trap" | qty=-- | price=618pp 0gp 8sp 6cp | lvl= 70
2026-10-03 18:11:33 | +10384ms | tome-spike 0.1.0-spike.2 | row 85 | "Skull Marked Shield" | qty=4 | price=209pp 9gp 9sp 9cp | lvl=--
2026-10-03 18:11:33 | +10384ms | tome-spike 0.1.0-spike.2 | row 86 | "Slate Powder" | qty=1 | price=0pp 1gp 5sp 7cp | lvl=--
2026-10-03 18:11:33 | +10385ms | tome-spike 0.1.0-spike.2 | row 87 | "Smashed War Grubs" | qty=1 | price=6pp 2gp 9sp 9cp | lvl=--
2026-10-03 18:11:33 | +10385ms | tome-spike 0.1.0-spike.2 | row 88 | "Spell: Foliage Shield" | qty=1 | price=76pp 8gp 9sp 3cp | lvl= 52
2026-10-03 18:11:33 | +10385ms | tome-spike 0.1.0-spike.2 | row 89 | "Spell: Thunder of Karana" | qty=1 | price=51pp 1gp 9sp 1cp | lvl= 47
2026-10-03 18:11:33 | +10385ms | tome-spike 0.1.0-spike.2 | row 90 | "Stratolite" | qty=1 | price=7pp 0gp 8sp 7cp | lvl=--
2026-10-03 18:11:33 | +10385ms | tome-spike 0.1.0-spike.2 | row 91 | "Sunshard Ore" | qty=2 | price=0pp 0gp 7sp 8cp | lvl=--
2026-10-03 18:11:33 | +10386ms | tome-spike 0.1.0-spike.2 | row 92 | "Sunshard Pebble" | qty=1 | price=0pp 0gp 1sp 5cp | lvl=--
2026-10-03 18:11:33 | +10386ms | tome-spike 0.1.0-spike.2 | row 93 | "Tainted Planar Essence" | qty=1 | price=6pp 2gp 9sp 9cp | lvl=--
2026-10-03 18:11:33 | +10386ms | tome-spike 0.1.0-spike.2 | row 94 | "Tegi Scales" | qty=1 | price=9pp 4gp 5sp 0cp | lvl=--
2026-10-03 18:11:33 | +10387ms | tome-spike 0.1.0-spike.2 | row 95 | "Tome of Assassin's Strike" | qty=-- | price=169pp 2gp 1sp 1cp | lvl= 63 | derived="Assassin's Strike" | in known list=no | Me.CombatAbility(derived)=nil Name=nil
2026-10-03 18:11:33 | +10387ms | tome-spike 0.1.0-spike.2 | row 96 | "Tome of Blinding Speed Discipline" | qty=-- | price=102pp 8gp 0sp 9cp | lvl= 58 | derived="Blinding Speed Discipline" | in known list=no | Me.CombatAbility(derived)=nil Name=nil
2026-10-03 18:11:33 | +10387ms | tome-spike 0.1.0-spike.2 | row 97 | "Tome of Counterattack Discipline" | qty=-- | price=70pp 6gp 6sp 7cp | lvl= 53 | derived="Counterattack Discipline" | in known list=no | Me.CombatAbility(derived)=nil Name=nil
2026-10-03 18:11:33 | +10388ms | tome-spike 0.1.0-spike.2 | row 98 | "Tome of Deadeye Discipline" | qty=-- | price=77pp 4gp 0sp 1cp | lvl= 54 | derived="Deadeye Discipline" | in known list=no | Me.CombatAbility(derived)=nil Name=nil
2026-10-03 18:11:33 | +10388ms | tome-spike 0.1.0-spike.2 | row 99 | "Tome of Deadly Precision Discipline" | qty=-- | price=168pp 8gp 2sp 7cp | lvl= 63 | derived="Deadly Precision Discipline" | in known list=no | Me.CombatAbility(derived)=nil Name=nil
2026-10-03 18:11:33 | +10388ms | tome-spike 0.1.0-spike.2 | row 100 | "Tome of Duelist Discipline" | qty=-- | price=111pp 5gp 9sp 8cp | lvl= 59 | derived="Duelist Discipline" | in known list=no | Me.CombatAbility(derived)=nil Name=nil
2026-10-03 18:11:33 | +10389ms | tome-spike 0.1.0-spike.2 | row 101 | "Tome of Elbow Strike" | qty=-- | price=0pp 0gp 5sp 8cp | lvl=  5 | derived="Elbow Strike" | in known list=YES | Me.CombatAbility(derived)=38 Name=nil
2026-10-03 18:11:33 | +10389ms | tome-spike 0.1.0-spike.2 | row 102 | "Tome of Fearless Discipline" | qty=-- | price=21pp 0gp 9sp 0cp | lvl= 40 | derived="Fearless Discipline" | in known list=YES | Me.CombatAbility(derived)=4 Name=nil
2026-10-03 18:11:33 | +10389ms | tome-spike 0.1.0-spike.2 | row 103 | "Tome of Focused Will Discipline" | qty=-- | price=0pp 1gp 9sp 3cp | lvl= 10 | derived="Focused Will Discipline" | in known list=YES | Me.CombatAbility(derived)=1 Name=nil
2026-10-03 18:11:33 | +10389ms | tome-spike 0.1.0-spike.2 | row 104 | "Tome of Healing Will Discipline" | qty=-- | price=168pp 4gp 8sp 5cp | lvl= 63 | derived="Healing Will Discipline" | in known list=YES | Me.CombatAbility(derived)=22 Name=nil
2026-10-03 18:11:33 | +10390ms | tome-spike 0.1.0-spike.2 | row 105 | "Tome of Kinesthetics Discipline" | qty=-- | price=96pp 0gp 6sp 8cp | lvl= 57 | derived="Kinesthetics Discipline" | in known list=no | Me.CombatAbility(derived)=nil Name=nil
2026-10-03 18:11:33 | +10390ms | tome-spike 0.1.0-spike.2 | row 106 | "Tome of Kyv Strike" | qty=-- | price=82pp 1gp 9sp 4cp | lvl= 65 | derived="Kyv Strike" | in known list=no | Me.CombatAbility(derived)=nil Name=nil
2026-10-03 18:11:33 | +10390ms | tome-spike 0.1.0-spike.2 | row 107 | "Tome of Nimble Discipline" | qty=-- | price=83pp 3gp 2sp 1cp | lvl= 55 | derived="Nimble Discipline" | in known list=no | Me.CombatAbility(derived)=nil Name=nil
2026-10-03 18:11:33 | +10391ms | tome-spike 0.1.0-spike.2 | row 108 | "Tome of Resistant Discipline" | qty=-- | price=6pp 9gp 9sp 7cp | lvl= 30 | derived="Resistant Discipline" | in known list=YES | Me.CombatAbility(derived)=2 Name=nil
2026-10-03 18:11:33 | +10391ms | tome-spike 0.1.0-spike.2 | row 109 | "Tome of Sneak Attack" | qty=-- | price=1pp 6gp 3sp 1cp | lvl= 20 | derived="Sneak Attack" | in known list=no | Me.CombatAbility(derived)=nil Name=nil
2026-10-03 18:11:33 | +10391ms | tome-spike 0.1.0-spike.2 | row 110 | "Tome of Thief's Eyes" | qty=-- | price=520pp 8gp 0sp 8cp | lvl= 68 | derived="Thief's Eyes" | in known list=no | Me.CombatAbility(derived)=nil Name=nil
2026-10-03 18:11:33 | +10400ms | tome-spike 0.1.0-spike.2 | row 111 | "Tome of Thief's Vengeance" | qty=-- | price=66pp 0gp 7sp 2cp | lvl= 52 | derived="Thief's Vengeance" | in known list=no | Me.CombatAbility(derived)=nil Name=nil
2026-10-03 18:11:33 | +10400ms | tome-spike 0.1.0-spike.2 | row 112 | "Tome of Throw Stone" | qty=-- | price=0pp 0gp 4sp 2cp | lvl=  1 | derived="Throw Stone" | in known list=YES | Me.CombatAbility(derived)=7 Name=nil
2026-10-03 18:11:33 | +10401ms | tome-spike 0.1.0-spike.2 | row 113 | "Tome of Twisted Chance Discipline" | qty=-- | price=209pp 6gp 8sp 9cp | lvl= 65 | derived="Twisted Chance Discipline" | in known list=no | Me.CombatAbility(derived)=nil Name=nil
2026-10-03 18:11:33 | +10401ms | tome-spike 0.1.0-spike.2 | row 114 | "Vah Shir Skin Robe (Legendary)" | qty=1 | price=209pp 9gp 9sp 9cp | lvl=--
2026-10-03 18:11:33 | +10401ms | tome-spike 0.1.0-spike.2 | row 115 | "Warblade of the Fallen" | qty=1 | price=2100pp 0gp 0sp 0cp | lvl=--
2026-10-03 18:11:33 | +10401ms | tome-spike 0.1.0-spike.2 | row 116 | "Windstone" | qty=3 | price=26pp 7gp 7sp 4cp | lvl=--
2026-10-03 18:11:33 | +10402ms | tome-spike 0.1.0-spike.2 | row 117 | "Words of Domination" | qty=1 | price=8pp 1gp 8sp 9cp | lvl=--
2026-10-03 18:11:33 | +10402ms | tome-spike 0.1.0-spike.2 | row 118 | "Words of Endurance" | qty=1 | price=2pp 7gp 2sp 9cp | lvl=--
2026-10-03 18:11:33 | +10402ms | tome-spike 0.1.0-spike.2 | row 119 | "Wretched Pauldrons" | qty=1 | price=209pp 9gp 9sp 9cp | lvl=--
2026-10-03 18:11:33 | +10402ms | tome-spike 0.1.0-spike.2 | row 120 | "Zraxthril Forged Axe" | qty=1 | price=51pp 9gp 7sp 4cp | lvl=--
2026-10-03 18:11:33 | +10402ms | tome-spike 0.1.0-spike.2 | summary: 120 rows; 19 start with "Tome of "; 101 other rows; the discipline named by the tome is in the known list for 6, not for 13; name prefixes: Akheva Blood x1; Ancient Prismatic x1; Baling Hook x1; Bile Drenched x1; Bile Filled x1; Brick of x2; Broken Mirror x1; Bubonian Bandage x1; Bubonian Blood x1; Bubonian Claws x1; Chipped Rujarkian x1; Circled Toe x1; Crown of x2; Crysotherium x1; Dark Assassin x1; Dark Ore x1; Dark Steel x4; Dathor Great x1; Dathor Scale x2; Death Mask x1; Death Watcher's x1; Diaku Blood x1; Diaku Forged x3; Diamond x1; Diseased Bubonian x1; Dream Weaver x2; Dreamstone x1; Elaborate Binding x1; Elysian Boots x1; Elysian Gloves x2; Elysian Skull x1; Emberstone x1; Enameled Collar x1; Essence of x1; Executioners Hood x1; Faded, Watermarked x1; Fading Shadow x1; Fine Steel x1; Fire-veined Stone x1; Flame of x1; Flesh Eater's x1; Froglok Poison x1; Fungus Clump x1; Fyr Jen's x1; Globe of x1; Golden Pendant x1; Green Resistance x1; Immaculate Pearl x1; Large Zelniak x1; Luclinite x1; Luggald Dagger x1; Malleable Loam x1; Miner's Pick x1; Minotaur Blood x1; Moist Marrow x1; Old Dragon x1; Phosphorous Powder x1; Platinum Gem x1; Pliable Goo x1; Potion of x1; Putrid Rib x1; Raw Diamond x1; Refined Binding x1; Rhodocrosite x1; Rune of x2; Shadow Weave x2; Shadowy Assassin x1; Shadowy Assassin's x2; Sharp Luggald x1; Shiv x1; Skill: Poison x1; Skull Marked x1; Slate Powder x1; Smashed War x1; Spell: Foliage x1; Spell: Thunder x1; Stratolite x1; Sunshard Ore x1; Sunshard Pebble x1; Tainted Planar x1; Tegi Scales x1; Tome of x19; Vah Shir x1; Warblade of x1; Windstone x1; Words of x2; Wretched Pauldrons x1; Zraxthril Forged x1
2026-10-03 18:11:33 | +10403ms | tome-spike 0.1.0-spike.2 | dump: 120 rows, 19 tomes, 101 other; known disciplines 39 (matched to tomes: 6); details in C:\Users\Public\MacroQuest\Logs/spellspree/spike_multiclass_Kylaeris.log
2026-10-03 18:11:46 | +11860ms | tome-spike 0.1.0-spike.2 | mode dump; vendor(target)="Blane Darkblade"; zone=poknowledge; character=Kylaeris; visible rows=104
2026-10-03 18:11:46 | +11862ms | tome-spike 0.1.0-spike.2 | discipline scan: Me.CombatAbilityCount=unavailable; scanned up to slot 400; last filled slot=40
2026-10-03 18:11:46 | +11862ms | tome-spike 0.1.0-spike.2 | known disciplines by Me.CombatAbility(index): 39: Focused Will Discipline; Resistant Discipline; Provoke; Fearless Discipline; Phantom Wind; Phantom Zephyr; Throw Stone; Bellow; Evasive Discipline; Charge Discipline; Defensive Discipline; Berate; Furious Discipline; Precision Discipline; Fortitude Discipline; Fellstrike Discipline; Aggressive Discipline; Stonewall Discipline; Incite; Spirit of Rage Discipline; Healing Will Discipline; Ashenhand Discipline; Earthwalk Discipline; Hundred Fists Discipline; Innerflame Discipline; Phantom Call; Phantom Echo; Planeswalk Discipline; Speed Focus Discipline; Stonestance Discipline; Thunderkick Discipline; Voiddance Discipline; Whirlwind Discipline; Silentfist Discipline; Mighty Strike Discipline; Bellow of the Mastruq; Elbow Strike; Commanding Voice; Champion's Aura
2026-10-03 18:11:46 | +11862ms | tome-spike 0.1.0-spike.2 | row 1 | "Autumn Crocus" | qty=1 | price=0pp 8gp 3sp 9cp | lvl=--
2026-10-03 18:11:46 | +11862ms | tome-spike 0.1.0-spike.2 | row 2 | "Blue Diamond" | qty=1 | price=393pp 7gp 4sp 9cp | lvl=--
2026-10-03 18:11:46 | +11863ms | tome-spike 0.1.0-spike.2 | row 3 | "Bonded Loam" | qty=2 | price=131pp 2gp 5sp 0cp | lvl=--
2026-10-03 18:11:46 | +11863ms | tome-spike 0.1.0-spike.2 | row 4 | "Bone Chips" | qty=1 | price=0pp 0gp 1sp 9cp | lvl=--
2026-10-03 18:11:46 | +11863ms | tome-spike 0.1.0-spike.2 | row 5 | "Bubonian Bandage Turban" | qty=1 | price=5pp 2gp 5sp 0cp | lvl=--
2026-10-03 18:11:46 | +11863ms | tome-spike 0.1.0-spike.2 | row 6 | "Bubonian Bandage Turban (Enchanted)" | qty=2 | price=14pp 0gp 6sp 9cp | lvl=--
2026-10-03 18:11:46 | +11863ms | tome-spike 0.1.0-spike.2 | row 7 | "Bubonian Blood" | qty=1 | price=15pp 7gp 4sp 9cp | lvl=--
2026-10-03 18:11:46 | +11864ms | tome-spike 0.1.0-spike.2 | row 8 | "Bubonian Claws" | qty=1 | price=97pp 6gp 4sp 9cp | lvl=--
2026-10-03 18:11:46 | +11864ms | tome-spike 0.1.0-spike.2 | row 9 | "Bubonian Head" | qty=1 | price=70pp 8gp 7sp 5cp | lvl=--
2026-10-03 18:11:46 | +11864ms | tome-spike 0.1.0-spike.2 | row 10 | "Card of Bristlebane" | qty=1 | price=7pp 5gp 5sp 9cp | lvl=--
2026-10-03 18:11:46 | +11864ms | tome-spike 0.1.0-spike.2 | row 11 | "Charred Dagger" | qty=1 | price=0pp 9gp 4sp 4cp | lvl=--
2026-10-03 18:11:46 | +11864ms | tome-spike 0.1.0-spike.2 | row 12 | "Chunk of Condensed Flame" | qty=1 | price=0pp 9gp 2sp 7cp | lvl=--
2026-10-03 18:11:46 | +11865ms | tome-spike 0.1.0-spike.2 | row 13 | "Consigned Bite of the Shissar IX" | qty=1 | price=0pp 6gp 2sp 1cp | lvl=--
2026-10-03 18:11:46 | +11877ms | tome-spike 0.1.0-spike.2 | row 14 | "Crysotherium" | qty=2 | price=15pp 7gp 4sp 9cp | lvl=--
2026-10-03 18:11:46 | +11877ms | tome-spike 0.1.0-spike.2 | row 15 | "Dark Assassin Greaves" | qty=1 | price=3pp 9gp 8sp 9cp | lvl=--
2026-10-03 18:11:46 | +11877ms | tome-spike 0.1.0-spike.2 | row 16 | "Dark Steel Two Handed Sword (Enchanted)" | qty=1 | price=132pp 3gp 0sp 0cp | lvl=--
2026-10-03 18:11:46 | +11877ms | tome-spike 0.1.0-spike.2 | row 17 | "Dathor Scale Helm" | qty=4 | price=209pp 9gp 9sp 9cp | lvl=--
2026-10-03 18:11:46 | +11877ms | tome-spike 0.1.0-spike.2 | row 18 | "Dathor Scale Helm (Enchanted)" | qty=1 | price=209pp 9gp 9sp 9cp | lvl=--
2026-10-03 18:11:46 | +11878ms | tome-spike 0.1.0-spike.2 | row 19 | "Dathor Scale Helm (Legendary)" | qty=1 | price=209pp 9gp 9sp 9cp | lvl=--
2026-10-03 18:11:46 | +11878ms | tome-spike 0.1.0-spike.2 | row 20 | "Death Mask of the Elysians" | qty=3 | price=209pp 9gp 9sp 9cp | lvl=--
2026-10-03 18:11:46 | +11878ms | tome-spike 0.1.0-spike.2 | row 21 | "Death Mask of the Elysians (Enchanted)" | qty=1 | price=209pp 9gp 9sp 9cp | lvl=--
2026-10-03 18:11:46 | +11878ms | tome-spike 0.1.0-spike.2 | row 22 | "Death Watcher's Shroud (Enchanted)" | qty=1 | price=209pp 9gp 9sp 9cp | lvl=--
2026-10-03 18:11:46 | +11878ms | tome-spike 0.1.0-spike.2 | row 23 | "Death Watcher's Shroud (Legendary)" | qty=1 | price=209pp 9gp 9sp 9cp | lvl=--
2026-10-03 18:11:46 | +11879ms | tome-spike 0.1.0-spike.2 | row 24 | "Diaku Forged Scimitar" | qty=3 | price=26pp 2gp 4sp 9cp | lvl=--
2026-10-03 18:11:46 | +11879ms | tome-spike 0.1.0-spike.2 | row 25 | "Diamond" | qty=2 | price=315pp 0gp 0sp 0cp | lvl=--
2026-10-03 18:11:46 | +11879ms | tome-spike 0.1.0-spike.2 | row 26 | "Dream Weaver Cloak (Enchanted)" | qty=1 | price=6pp 2gp 9sp 9cp | lvl=--
2026-10-03 18:11:46 | +11879ms | tome-spike 0.1.0-spike.2 | row 27 | "Dream Weaver Sandals" | qty=1 | price=3pp 0gp 4sp 4cp | lvl=--
2026-10-03 18:11:46 | +11879ms | tome-spike 0.1.0-spike.2 | row 28 | "Dream Weaver Sleeves (Enchanted)" | qty=1 | price=3pp 4gp 6sp 4cp | lvl=--
2026-10-03 18:11:46 | +11880ms | tome-spike 0.1.0-spike.2 | row 29 | "Dream Weaver Veil" | qty=1 | price=1pp 3gp 6sp 4cp | lvl=--
2026-10-03 18:11:46 | +11880ms | tome-spike 0.1.0-spike.2 | row 30 | "Dream Weaver Webshield" | qty=1 | price=0pp 0gp 2sp 1cp | lvl=--
2026-10-03 18:11:46 | +11880ms | tome-spike 0.1.0-spike.2 | row 31 | "Dreamstone" | qty=1 | price=354pp 3gp 7sp 4cp | lvl=--
2026-10-03 18:11:46 | +11880ms | tome-spike 0.1.0-spike.2 | row 32 | "Elysian Gloves (Enchanted)" | qty=2 | price=8pp 8gp 2sp 0cp | lvl=--
2026-10-03 18:11:46 | +11880ms | tome-spike 0.1.0-spike.2 | row 33 | "Elysian Leggings" | qty=1 | price=5pp 4gp 5sp 9cp | lvl=--
2026-10-03 18:11:46 | +11881ms | tome-spike 0.1.0-spike.2 | row 34 | "Emberstone" | qty=4 | price=20pp 4gp 7sp 5cp | lvl=--
2026-10-03 18:11:46 | +11881ms | tome-spike 0.1.0-spike.2 | row 35 | "Emerald Ring (Legendary)" | qty=1 | price=102pp 3gp 7sp 4cp | lvl=--
2026-10-03 18:11:46 | +11881ms | tome-spike 0.1.0-spike.2 | row 36 | "Erudite Meat" | qty=1 | price=0pp 0gp 1sp 5cp | lvl=--
2026-10-03 18:11:46 | +11881ms | tome-spike 0.1.0-spike.2 | row 37 | "Essence of Darkness" | qty=7 | price=5pp 2gp 5sp 0cp | lvl=--
2026-10-03 18:11:46 | +11882ms | tome-spike 0.1.0-spike.2 | row 38 | "Essence of Moonlight" | qty=1 | price=5pp 2gp 5sp 0cp | lvl=--
2026-10-03 18:11:46 | +11882ms | tome-spike 0.1.0-spike.2 | row 39 | "Fecund Luggald Flesh" | qty=1 | price=0pp 0gp 0sp 2cp | lvl=--
2026-10-03 18:11:46 | +11882ms | tome-spike 0.1.0-spike.2 | row 40 | "Flesh Eater's Eye" | qty=1 | price=209pp 9gp 9sp 9cp | lvl=--
2026-10-03 18:11:46 | +11882ms | tome-spike 0.1.0-spike.2 | row 41 | "Frozen Long Sword of Permafrost" | qty=1 | price=38pp 7gp 4sp 5cp | lvl=--
2026-10-03 18:11:46 | +11882ms | tome-spike 0.1.0-spike.2 | row 42 | "Gantru Charm" | qty=1 | price=209pp 9gp 9sp 9cp | lvl=--
2026-10-03 18:11:46 | +11883ms | tome-spike 0.1.0-spike.2 | row 43 | "Gantru Charm (Enchanted)" | qty=1 | price=209pp 9gp 9sp 9cp | lvl=--
2026-10-03 18:11:46 | +11883ms | tome-spike 0.1.0-spike.2 | row 44 | "Gantru Charm (Legendary)" | qty=1 | price=209pp 9gp 9sp 9cp | lvl=--
2026-10-03 18:11:46 | +11883ms | tome-spike 0.1.0-spike.2 | row 45 | "Gantru Warmask" | qty=1 | price=209pp 9gp 9sp 9cp | lvl=--
2026-10-03 18:11:46 | +11883ms | tome-spike 0.1.0-spike.2 | row 46 | "Ghast Fingerbones" | qty=1 | price=0pp 0gp 0sp 2cp | lvl=--
2026-10-03 18:11:46 | +11883ms | tome-spike 0.1.0-spike.2 | row 47 | "Glowing Orb of Luclinite" | qty=1 | price=0pp 0gp 0sp 2cp | lvl=--
2026-10-03 18:11:46 | +11884ms | tome-spike 0.1.0-spike.2 | row 48 | "Half of Rallos' Plans" | qty=1 | price=0pp 0gp 0sp 2cp | lvl=--
2026-10-03 18:11:46 | +11894ms | tome-spike 0.1.0-spike.2 | row 49 | "Helm of Raldukan" | qty=2 | price=209pp 9gp 9sp 9cp | lvl=--
2026-10-03 18:11:46 | +11894ms | tome-spike 0.1.0-spike.2 | row 50 | "Hive Fiend's Brain" | qty=2 | price=209pp 9gp 9sp 9cp | lvl=--
2026-10-03 18:11:46 | +11894ms | tome-spike 0.1.0-spike.2 | row 51 | "Indicolite" | qty=1 | price=15pp 7gp 4sp 9cp | lvl=--
2026-10-03 18:11:46 | +11894ms | tome-spike 0.1.0-spike.2 | row 52 | "Iolite" | qty=3 | price=275pp 6gp 2sp 5cp | lvl=--
2026-10-03 18:11:46 | +11894ms | tome-spike 0.1.0-spike.2 | row 53 | "Living Fragment of Fire" | qty=1 | price=0pp 0gp 0sp 2cp | lvl=--
2026-10-03 18:11:46 | +11895ms | tome-spike 0.1.0-spike.2 | row 54 | "Luclinite" | qty=1 | price=133pp 8gp 7sp 5cp | lvl=--
2026-10-03 18:11:46 | +11895ms | tome-spike 0.1.0-spike.2 | row 55 | "Mace of the Fallen Crusader" | qty=1 | price=5pp 8gp 1sp 6cp | lvl=--
2026-10-03 18:11:46 | +11895ms | tome-spike 0.1.0-spike.2 | row 56 | "Mace of the Fallen Crusader (Legendary)" | qty=1 | price=28pp 4gp 3sp 1cp | lvl=--
2026-10-03 18:11:46 | +11896ms | tome-spike 0.1.0-spike.2 | row 57 | "Modest Binding Powder" | qty=1 | price=2pp 3gp 6sp 2cp | lvl=--
2026-10-03 18:11:46 | +11896ms | tome-spike 0.1.0-spike.2 | row 58 | "Nilitim's Grimoire Pg. 35" | qty=1 | price=5pp 0gp 4sp 0cp | lvl=--
2026-10-03 18:11:46 | +11896ms | tome-spike 0.1.0-spike.2 | row 59 | "Old Dragon Horn" | qty=1 | price=25pp 1gp 9sp 9cp | lvl=--
2026-10-03 18:11:46 | +11896ms | tome-spike 0.1.0-spike.2 | row 60 | "Phosphorous Powder" | qty=9 | price=3pp 3gp 0sp 7cp | lvl=--
2026-10-03 18:11:46 | +11896ms | tome-spike 0.1.0-spike.2 | row 61 | "Pirate's Seal" | qty=1 | price=0pp 0gp 0sp 2cp | lvl=--
2026-10-03 18:11:46 | +11896ms | tome-spike 0.1.0-spike.2 | row 62 | "Platinum Gem Dusted Rune" | qty=1 | price=5pp 3gp 5sp 5cp | lvl=--
2026-10-03 18:11:46 | +11897ms | tome-spike 0.1.0-spike.2 | row 63 | "Pliable Goo" | qty=7 | price=0pp 0gp 0sp 2cp | lvl=--
2026-10-03 18:11:46 | +11897ms | tome-spike 0.1.0-spike.2 | row 64 | "Polished Serpent Scale" | qty=1 | price=31pp 4gp 9sp 9cp | lvl=--
2026-10-03 18:11:46 | +11897ms | tome-spike 0.1.0-spike.2 | row 65 | "Pondweed" | qty=1 | price=10pp 5gp 0sp 0cp | lvl=--
2026-10-03 18:11:46 | +11897ms | tome-spike 0.1.0-spike.2 | row 66 | "Rhodocrosite" | qty=4 | price=3pp 9gp 3sp 7cp | lvl=--
2026-10-03 18:11:46 | +11897ms | tome-spike 0.1.0-spike.2 | row 67 | "Rune of Conjunction" | qty=1 | price=7pp 7gp 6sp 9cp | lvl=--
2026-10-03 18:11:46 | +11898ms | tome-spike 0.1.0-spike.2 | row 68 | "Rune of Synergy" | qty=4 | price=7pp 3gp 4sp 9cp | lvl=--
2026-10-03 18:11:46 | +11898ms | tome-spike 0.1.0-spike.2 | row 69 | "Rune of the Cyclone" | qty=1 | price=2pp 7gp 2sp 9cp | lvl=--
2026-10-03 18:11:46 | +11898ms | tome-spike 0.1.0-spike.2 | row 70 | "Shadow Weave Ring (Enchanted)" | qty=2 | price=209pp 9gp 9sp 9cp | lvl=--
2026-10-03 18:11:46 | +11898ms | tome-spike 0.1.0-spike.2 | row 71 | "Shadowy Assassin Sash" | qty=1 | price=2100pp 0gp 0sp 0cp | lvl=--
2026-10-03 18:11:46 | +11898ms | tome-spike 0.1.0-spike.2 | row 72 | "Shadowy Assassin Sash (Enchanted)" | qty=1 | price=2100pp 0gp 0sp 0cp | lvl=--
2026-10-03 18:11:46 | +11899ms | tome-spike 0.1.0-spike.2 | row 73 | "Shadowy Assassin's Cape" | qty=3 | price=209pp 9gp 9sp 9cp | lvl=--
2026-10-03 18:11:46 | +11899ms | tome-spike 0.1.0-spike.2 | row 74 | "Shadowy Assassin's Cape (Enchanted)" | qty=3 | price=209pp 9gp 9sp 9cp | lvl=--
2026-10-03 18:11:46 | +11899ms | tome-spike 0.1.0-spike.2 | row 75 | "Shadowy Assassin's Cape (Legendary)" | qty=3 | price=209pp 9gp 9sp 9cp | lvl=--
2026-10-03 18:11:46 | +11899ms | tome-spike 0.1.0-spike.2 | row 76 | "Shadowy Dirk" | qty=1 | price=209pp 9gp 9sp 9cp | lvl=--
2026-10-03 18:11:46 | +11899ms | tome-spike 0.1.0-spike.2 | row 77 | "Shiv" | qty=1 | price=0pp 7gp 1sp 8cp | lvl=--
2026-10-03 18:11:46 | +11899ms | tome-spike 0.1.0-spike.2 | row 78 | "Skull Charm (Enchanted)" | qty=1 | price=16pp 6gp 9sp 5cp | lvl=--
2026-10-03 18:11:46 | +11900ms | tome-spike 0.1.0-spike.2 | row 79 | "Skull Marked Shield" | qty=2 | price=209pp 9gp 9sp 9cp | lvl=--
2026-10-03 18:11:46 | +11900ms | tome-spike 0.1.0-spike.2 | row 80 | "Skull Marked Shield (Enchanted)" | qty=3 | price=209pp 9gp 9sp 9cp | lvl=--
2026-10-03 18:11:46 | +11900ms | tome-spike 0.1.0-spike.2 | row 81 | "Slate Powder" | qty=1 | price=0pp 1gp 5sp 7cp | lvl=--
2026-10-03 18:11:46 | +11900ms | tome-spike 0.1.0-spike.2 | row 82 | "Soluble Loam" | qty=1 | price=262pp 5gp 0sp 0cp | lvl=--
2026-10-03 18:11:46 | +11900ms | tome-spike 0.1.0-spike.2 | row 83 | "Spell: Disinfecting Aura" | qty=1 | price=76pp 2gp 9sp 0cp | lvl= 52
2026-10-03 18:11:46 | +11901ms | tome-spike 0.1.0-spike.2 | row 84 | "Spell: Epitaph of Life" | qty=1 | price=77pp 0gp 7sp 4cp | lvl= 52
2026-10-03 18:11:46 | +11901ms | tome-spike 0.1.0-spike.2 | row 85 | "Spell: Plague of Insects" | qty=1 | price=89pp 3gp 6sp 7cp | lvl= 54
2026-10-03 18:11:46 | +11901ms | tome-spike 0.1.0-spike.2 | row 86 | "Spell: Succussion of Shadows" | qty=1 | price=88pp 8gp 4sp 4cp | lvl= 54
2026-10-03 18:11:46 | +11901ms | tome-spike 0.1.0-spike.2 | row 87 | "Spell: Words of Tranquility" | qty=1 | price=88pp 3gp 2sp 8cp | lvl= 54
2026-10-03 18:11:46 | +11910ms | tome-spike 0.1.0-spike.2 | row 88 | "Spirit-Touched Phased Spider Thorax" | qty=1 | price=0pp 0gp 0sp 2cp | lvl=--
2026-10-03 18:11:46 | +11910ms | tome-spike 0.1.0-spike.2 | row 89 | "Sunshard Ore" | qty=1 | price=0pp 0gp 7sp 8cp | lvl=--
2026-10-03 18:11:46 | +11910ms | tome-spike 0.1.0-spike.2 | row 90 | "Sunshard Pebble" | qty=1 | price=0pp 0gp 1sp 5cp | lvl=--
2026-10-03 18:11:46 | +11911ms | tome-spike 0.1.0-spike.2 | row 91 | "Tegi Scales" | qty=2 | price=9pp 4gp 5sp 0cp | lvl=--
2026-10-03 18:11:46 | +11911ms | tome-spike 0.1.0-spike.2 | row 92 | "Tome of Deftdance Discipline" | qty=-- | price=82pp 4gp 5sp 2cp | lvl= 55 | derived="Deftdance Discipline" | in known list=no | Me.CombatAbility(derived)=nil Name=nil
2026-10-03 18:11:46 | +11911ms | tome-spike 0.1.0-spike.2 | row 93 | "Tome of Fearless Discipline" | qty=-- | price=21pp 0gp 9sp 0cp | lvl= 40 | derived="Fearless Discipline" | in known list=YES | Me.CombatAbility(derived)=4 Name=nil
2026-10-03 18:11:46 | +11912ms | tome-spike 0.1.0-spike.2 | row 94 | "Tome of Puretone Discipline" | qty=-- | price=117pp 4gp 9sp 2cp | lvl= 60 | derived="Puretone Discipline" | in known list=no | Me.CombatAbility(derived)=nil Name=nil
2026-10-03 18:11:46 | +11912ms | tome-spike 0.1.0-spike.2 | row 95 | "Tome of Resistant Discipline" | qty=-- | price=6pp 9gp 9sp 7cp | lvl= 30 | derived="Resistant Discipline" | in known list=YES | Me.CombatAbility(derived)=2 Name=nil
2026-10-03 18:11:46 | +11912ms | tome-spike 0.1.0-spike.2 | row 96 | "Umbracite" | qty=1 | price=188pp 9gp 9sp 9cp | lvl=--
2026-10-03 18:11:46 | +11912ms | tome-spike 0.1.0-spike.2 | row 97 | "Unwavering Sword of Faith" | qty=1 | price=0pp 0gp 0sp 2cp | lvl=--
2026-10-03 18:11:46 | +11913ms | tome-spike 0.1.0-spike.2 | row 98 | "Vah Shir Skin Robe" | qty=2 | price=209pp 9gp 9sp 9cp | lvl=--
2026-10-03 18:11:46 | +11913ms | tome-spike 0.1.0-spike.2 | row 99 | "Vah Shir Skin Robe (Enchanted)" | qty=2 | price=209pp 9gp 9sp 9cp | lvl=--
2026-10-03 18:11:46 | +11913ms | tome-spike 0.1.0-spike.2 | row 100 | "Warblade of the Fallen (Enchanted)" | qty=1 | price=2100pp 0gp 0sp 0cp | lvl=--
2026-10-03 18:11:46 | +11913ms | tome-spike 0.1.0-spike.2 | row 101 | "Warblade of the Fallen (Legendary)" | qty=1 | price=2100pp 0gp 0sp 0cp | lvl=--
2026-10-03 18:11:46 | +11913ms | tome-spike 0.1.0-spike.2 | row 102 | "Windstone" | qty=5 | price=26pp 7gp 7sp 4cp | lvl=--
2026-10-03 18:11:46 | +11913ms | tome-spike 0.1.0-spike.2 | row 103 | "Words of Anguish" | qty=1 | price=6pp 7gp 1sp 9cp | lvl=--
2026-10-03 18:11:46 | +11914ms | tome-spike 0.1.0-spike.2 | row 104 | "Words of Convocation" | qty=1 | price=0pp 5gp 2sp 5cp | lvl=--
2026-10-03 18:11:46 | +11914ms | tome-spike 0.1.0-spike.2 | summary: 104 rows; 4 start with "Tome of "; 100 other rows; the discipline named by the tome is in the known list for 2, not for 2; name prefixes: Autumn Crocus x1; Blue Diamond x1; Bonded Loam x1; Bone Chips x1; Bubonian Bandage x2; Bubonian Blood x1; Bubonian Claws x1; Bubonian Head x1; Card of x1; Charred Dagger x1; Chunk of x1; Consigned Bite x1; Crysotherium x1; Dark Assassin x1; Dark Steel x1; Dathor Scale x3; Death Mask x2; Death Watcher's x2; Diaku Forged x1; Diamond x1; Dream Weaver x5; Dreamstone x1; Elysian Gloves x1; Elysian Leggings x1; Emberstone x1; Emerald Ring x1; Erudite Meat x1; Essence of x2; Fecund Luggald x1; Flesh Eater's x1; Frozen Long x1; Gantru Charm x3; Gantru Warmask x1; Ghast Fingerbones x1; Glowing Orb x1; Half of x1; Helm of x1; Hive Fiend's x1; Indicolite x1; Iolite x1; Living Fragment x1; Luclinite x1; Mace of x2; Modest Binding x1; Nilitim's Grimoire x1; Old Dragon x1; Phosphorous Powder x1; Pirate's Seal x1; Platinum Gem x1; Pliable Goo x1; Polished Serpent x1; Pondweed x1; Rhodocrosite x1; Rune of x3; Shadow Weave x1; Shadowy Assassin x2; Shadowy Assassin's x3; Shadowy Dirk x1; Shiv x1; Skull Charm x1; Skull Marked x2; Slate Powder x1; Soluble Loam x1; Spell: Disinfecting x1; Spell: Epitaph x1; Spell: Plague x1; Spell: Succussion x1; Spell: Words x1; Spirit-Touched Phased x1; Sunshard Ore x1; Sunshard Pebble x1; Tegi Scales x1; Tome of x4; Umbracite x1; Unwavering Sword x1; Vah Shir x2; Warblade of x2; Windstone x1; Words of x2
2026-10-03 18:11:46 | +11914ms | tome-spike 0.1.0-spike.2 | dump: 104 rows, 4 tomes, 100 other; known disciplines 39 (matched to tomes: 2); details in C:\Users\Public\MacroQuest\Logs/spellspree/spike_multiclass_Kylaeris.log
2026-10-03 18:11:54 | +7317ms | tome-spike 0.1.0-spike.2 | mode dump; vendor(target)="Blane Darkblade"; zone=poknowledge; character=Kylaeris; visible rows=104
2026-10-03 18:11:54 | +7317ms | tome-spike 0.1.0-spike.2 | discipline scan: Me.CombatAbilityCount=unavailable; scanned up to slot 400; last filled slot=40
2026-10-03 18:11:54 | +7318ms | tome-spike 0.1.0-spike.2 | known disciplines by Me.CombatAbility(index): 39: Focused Will Discipline; Resistant Discipline; Provoke; Fearless Discipline; Phantom Wind; Phantom Zephyr; Throw Stone; Bellow; Evasive Discipline; Charge Discipline; Defensive Discipline; Berate; Furious Discipline; Precision Discipline; Fortitude Discipline; Fellstrike Discipline; Aggressive Discipline; Stonewall Discipline; Incite; Spirit of Rage Discipline; Healing Will Discipline; Ashenhand Discipline; Earthwalk Discipline; Hundred Fists Discipline; Innerflame Discipline; Phantom Call; Phantom Echo; Planeswalk Discipline; Speed Focus Discipline; Stonestance Discipline; Thunderkick Discipline; Voiddance Discipline; Whirlwind Discipline; Silentfist Discipline; Mighty Strike Discipline; Bellow of the Mastruq; Elbow Strike; Commanding Voice; Champion's Aura
2026-10-03 18:11:54 | +7318ms | tome-spike 0.1.0-spike.2 | row 1 | "Autumn Crocus" | qty=1 | price=0pp 8gp 3sp 9cp | lvl=--
2026-10-03 18:11:54 | +7318ms | tome-spike 0.1.0-spike.2 | row 2 | "Blue Diamond" | qty=1 | price=393pp 7gp 4sp 9cp | lvl=--
2026-10-03 18:11:54 | +7318ms | tome-spike 0.1.0-spike.2 | row 3 | "Bonded Loam" | qty=2 | price=131pp 2gp 5sp 0cp | lvl=--
2026-10-03 18:11:54 | +7318ms | tome-spike 0.1.0-spike.2 | row 4 | "Bone Chips" | qty=1 | price=0pp 0gp 1sp 9cp | lvl=--
2026-10-03 18:11:54 | +7319ms | tome-spike 0.1.0-spike.2 | row 5 | "Bubonian Bandage Turban" | qty=1 | price=5pp 2gp 5sp 0cp | lvl=--
2026-10-03 18:11:54 | +7319ms | tome-spike 0.1.0-spike.2 | row 6 | "Bubonian Bandage Turban (Enchanted)" | qty=2 | price=14pp 0gp 6sp 9cp | lvl=--
2026-10-03 18:11:54 | +7319ms | tome-spike 0.1.0-spike.2 | row 7 | "Bubonian Blood" | qty=1 | price=15pp 7gp 4sp 9cp | lvl=--
2026-10-03 18:11:54 | +7319ms | tome-spike 0.1.0-spike.2 | row 8 | "Bubonian Claws" | qty=1 | price=97pp 6gp 4sp 9cp | lvl=--
2026-10-03 18:11:54 | +7319ms | tome-spike 0.1.0-spike.2 | row 9 | "Bubonian Head" | qty=1 | price=70pp 8gp 7sp 5cp | lvl=--
2026-10-03 18:11:54 | +7320ms | tome-spike 0.1.0-spike.2 | row 10 | "Card of Bristlebane" | qty=1 | price=7pp 5gp 5sp 9cp | lvl=--
2026-10-03 18:11:54 | +7320ms | tome-spike 0.1.0-spike.2 | row 11 | "Charred Dagger" | qty=1 | price=0pp 9gp 4sp 4cp | lvl=--
2026-10-03 18:11:54 | +7320ms | tome-spike 0.1.0-spike.2 | row 12 | "Chunk of Condensed Flame" | qty=1 | price=0pp 9gp 2sp 7cp | lvl=--
2026-10-03 18:11:54 | +7320ms | tome-spike 0.1.0-spike.2 | row 13 | "Consigned Bite of the Shissar IX" | qty=1 | price=0pp 6gp 2sp 1cp | lvl=--
2026-10-03 18:11:54 | +7334ms | tome-spike 0.1.0-spike.2 | row 14 | "Crysotherium" | qty=2 | price=15pp 7gp 4sp 9cp | lvl=--
2026-10-03 18:11:54 | +7334ms | tome-spike 0.1.0-spike.2 | row 15 | "Dark Assassin Greaves" | qty=1 | price=3pp 9gp 8sp 9cp | lvl=--
2026-10-03 18:11:54 | +7335ms | tome-spike 0.1.0-spike.2 | row 16 | "Dark Steel Two Handed Sword (Enchanted)" | qty=1 | price=132pp 3gp 0sp 0cp | lvl=--
2026-10-03 18:11:54 | +7335ms | tome-spike 0.1.0-spike.2 | row 17 | "Dathor Scale Helm" | qty=4 | price=209pp 9gp 9sp 9cp | lvl=--
2026-10-03 18:11:54 | +7335ms | tome-spike 0.1.0-spike.2 | row 18 | "Dathor Scale Helm (Enchanted)" | qty=1 | price=209pp 9gp 9sp 9cp | lvl=--
2026-10-03 18:11:54 | +7335ms | tome-spike 0.1.0-spike.2 | row 19 | "Dathor Scale Helm (Legendary)" | qty=1 | price=209pp 9gp 9sp 9cp | lvl=--
2026-10-03 18:11:54 | +7335ms | tome-spike 0.1.0-spike.2 | row 20 | "Death Mask of the Elysians" | qty=3 | price=209pp 9gp 9sp 9cp | lvl=--
2026-10-03 18:11:54 | +7336ms | tome-spike 0.1.0-spike.2 | row 21 | "Death Mask of the Elysians (Enchanted)" | qty=1 | price=209pp 9gp 9sp 9cp | lvl=--
2026-10-03 18:11:54 | +7336ms | tome-spike 0.1.0-spike.2 | row 22 | "Death Watcher's Shroud (Enchanted)" | qty=1 | price=209pp 9gp 9sp 9cp | lvl=--
2026-10-03 18:11:54 | +7336ms | tome-spike 0.1.0-spike.2 | row 23 | "Death Watcher's Shroud (Legendary)" | qty=1 | price=209pp 9gp 9sp 9cp | lvl=--
2026-10-03 18:11:54 | +7336ms | tome-spike 0.1.0-spike.2 | row 24 | "Diaku Forged Scimitar" | qty=3 | price=26pp 2gp 4sp 9cp | lvl=--
2026-10-03 18:11:54 | +7336ms | tome-spike 0.1.0-spike.2 | row 25 | "Diamond" | qty=2 | price=315pp 0gp 0sp 0cp | lvl=--
2026-10-03 18:11:54 | +7337ms | tome-spike 0.1.0-spike.2 | row 26 | "Dream Weaver Cloak (Enchanted)" | qty=1 | price=6pp 2gp 9sp 9cp | lvl=--
2026-10-03 18:11:54 | +7337ms | tome-spike 0.1.0-spike.2 | row 27 | "Dream Weaver Sandals" | qty=1 | price=3pp 0gp 4sp 4cp | lvl=--
2026-10-03 18:11:54 | +7337ms | tome-spike 0.1.0-spike.2 | row 28 | "Dream Weaver Sleeves (Enchanted)" | qty=1 | price=3pp 4gp 6sp 4cp | lvl=--
2026-10-03 18:11:54 | +7337ms | tome-spike 0.1.0-spike.2 | row 29 | "Dream Weaver Veil" | qty=1 | price=1pp 3gp 6sp 4cp | lvl=--
2026-10-03 18:11:54 | +7337ms | tome-spike 0.1.0-spike.2 | row 30 | "Dream Weaver Webshield" | qty=1 | price=0pp 0gp 2sp 1cp | lvl=--
2026-10-03 18:11:54 | +7337ms | tome-spike 0.1.0-spike.2 | row 31 | "Dreamstone" | qty=1 | price=354pp 3gp 7sp 4cp | lvl=--
2026-10-03 18:11:54 | +7338ms | tome-spike 0.1.0-spike.2 | row 32 | "Elysian Gloves (Enchanted)" | qty=2 | price=8pp 8gp 2sp 0cp | lvl=--
2026-10-03 18:11:54 | +7338ms | tome-spike 0.1.0-spike.2 | row 33 | "Elysian Leggings" | qty=1 | price=5pp 4gp 5sp 9cp | lvl=--
2026-10-03 18:11:54 | +7338ms | tome-spike 0.1.0-spike.2 | row 34 | "Emberstone" | qty=4 | price=20pp 4gp 7sp 5cp | lvl=--
2026-10-03 18:11:54 | +7338ms | tome-spike 0.1.0-spike.2 | row 35 | "Emerald Ring (Legendary)" | qty=1 | price=102pp 3gp 7sp 4cp | lvl=--
2026-10-03 18:11:54 | +7338ms | tome-spike 0.1.0-spike.2 | row 36 | "Erudite Meat" | qty=1 | price=0pp 0gp 1sp 5cp | lvl=--
2026-10-03 18:11:54 | +7339ms | tome-spike 0.1.0-spike.2 | row 37 | "Essence of Darkness" | qty=7 | price=5pp 2gp 5sp 0cp | lvl=--
2026-10-03 18:11:54 | +7339ms | tome-spike 0.1.0-spike.2 | row 38 | "Essence of Moonlight" | qty=1 | price=5pp 2gp 5sp 0cp | lvl=--
2026-10-03 18:11:54 | +7339ms | tome-spike 0.1.0-spike.2 | row 39 | "Fecund Luggald Flesh" | qty=1 | price=0pp 0gp 0sp 2cp | lvl=--
2026-10-03 18:11:54 | +7340ms | tome-spike 0.1.0-spike.2 | row 40 | "Flesh Eater's Eye" | qty=1 | price=209pp 9gp 9sp 9cp | lvl=--
2026-10-03 18:11:54 | +7340ms | tome-spike 0.1.0-spike.2 | row 41 | "Frozen Long Sword of Permafrost" | qty=1 | price=38pp 7gp 4sp 5cp | lvl=--
2026-10-03 18:11:54 | +7340ms | tome-spike 0.1.0-spike.2 | row 42 | "Gantru Charm" | qty=1 | price=209pp 9gp 9sp 9cp | lvl=--
2026-10-03 18:11:54 | +7340ms | tome-spike 0.1.0-spike.2 | row 43 | "Gantru Charm (Enchanted)" | qty=1 | price=209pp 9gp 9sp 9cp | lvl=--
2026-10-03 18:11:54 | +7340ms | tome-spike 0.1.0-spike.2 | row 44 | "Gantru Charm (Legendary)" | qty=1 | price=209pp 9gp 9sp 9cp | lvl=--
2026-10-03 18:11:54 | +7341ms | tome-spike 0.1.0-spike.2 | row 45 | "Gantru Warmask" | qty=1 | price=209pp 9gp 9sp 9cp | lvl=--
2026-10-03 18:11:54 | +7341ms | tome-spike 0.1.0-spike.2 | row 46 | "Ghast Fingerbones" | qty=1 | price=0pp 0gp 0sp 2cp | lvl=--
2026-10-03 18:11:54 | +7341ms | tome-spike 0.1.0-spike.2 | row 47 | "Glowing Orb of Luclinite" | qty=1 | price=0pp 0gp 0sp 2cp | lvl=--
2026-10-03 18:11:54 | +7352ms | tome-spike 0.1.0-spike.2 | row 48 | "Half of Rallos' Plans" | qty=1 | price=0pp 0gp 0sp 2cp | lvl=--
2026-10-03 18:11:54 | +7352ms | tome-spike 0.1.0-spike.2 | row 49 | "Helm of Raldukan" | qty=2 | price=209pp 9gp 9sp 9cp | lvl=--
2026-10-03 18:11:54 | +7353ms | tome-spike 0.1.0-spike.2 | row 50 | "Hive Fiend's Brain" | qty=2 | price=209pp 9gp 9sp 9cp | lvl=--
2026-10-03 18:11:54 | +7353ms | tome-spike 0.1.0-spike.2 | row 51 | "Indicolite" | qty=1 | price=15pp 7gp 4sp 9cp | lvl=--
2026-10-03 18:11:54 | +7353ms | tome-spike 0.1.0-spike.2 | row 52 | "Iolite" | qty=3 | price=275pp 6gp 2sp 5cp | lvl=--
2026-10-03 18:11:54 | +7353ms | tome-spike 0.1.0-spike.2 | row 53 | "Living Fragment of Fire" | qty=1 | price=0pp 0gp 0sp 2cp | lvl=--
2026-10-03 18:11:54 | +7353ms | tome-spike 0.1.0-spike.2 | row 54 | "Luclinite" | qty=1 | price=133pp 8gp 7sp 5cp | lvl=--
2026-10-03 18:11:54 | +7354ms | tome-spike 0.1.0-spike.2 | row 55 | "Mace of the Fallen Crusader" | qty=1 | price=5pp 8gp 1sp 6cp | lvl=--
2026-10-03 18:11:54 | +7354ms | tome-spike 0.1.0-spike.2 | row 56 | "Mace of the Fallen Crusader (Legendary)" | qty=1 | price=28pp 4gp 3sp 1cp | lvl=--
2026-10-03 18:11:54 | +7354ms | tome-spike 0.1.0-spike.2 | row 57 | "Modest Binding Powder" | qty=1 | price=2pp 3gp 6sp 2cp | lvl=--
2026-10-03 18:11:54 | +7354ms | tome-spike 0.1.0-spike.2 | row 58 | "Nilitim's Grimoire Pg. 35" | qty=1 | price=5pp 0gp 4sp 0cp | lvl=--
2026-10-03 18:11:54 | +7354ms | tome-spike 0.1.0-spike.2 | row 59 | "Old Dragon Horn" | qty=1 | price=25pp 1gp 9sp 9cp | lvl=--
2026-10-03 18:11:54 | +7355ms | tome-spike 0.1.0-spike.2 | row 60 | "Phosphorous Powder" | qty=9 | price=3pp 3gp 0sp 7cp | lvl=--
2026-10-03 18:11:54 | +7355ms | tome-spike 0.1.0-spike.2 | row 61 | "Pirate's Seal" | qty=1 | price=0pp 0gp 0sp 2cp | lvl=--
2026-10-03 18:11:54 | +7355ms | tome-spike 0.1.0-spike.2 | row 62 | "Platinum Gem Dusted Rune" | qty=1 | price=5pp 3gp 5sp 5cp | lvl=--
2026-10-03 18:11:54 | +7355ms | tome-spike 0.1.0-spike.2 | row 63 | "Pliable Goo" | qty=7 | price=0pp 0gp 0sp 2cp | lvl=--
2026-10-03 18:11:54 | +7355ms | tome-spike 0.1.0-spike.2 | row 64 | "Polished Serpent Scale" | qty=1 | price=31pp 4gp 9sp 9cp | lvl=--
2026-10-03 18:11:54 | +7355ms | tome-spike 0.1.0-spike.2 | row 65 | "Pondweed" | qty=1 | price=10pp 5gp 0sp 0cp | lvl=--
2026-10-03 18:11:54 | +7356ms | tome-spike 0.1.0-spike.2 | row 66 | "Rhodocrosite" | qty=4 | price=3pp 9gp 3sp 7cp | lvl=--
2026-10-03 18:11:54 | +7356ms | tome-spike 0.1.0-spike.2 | row 67 | "Rune of Conjunction" | qty=1 | price=7pp 7gp 6sp 9cp | lvl=--
2026-10-03 18:11:54 | +7356ms | tome-spike 0.1.0-spike.2 | row 68 | "Rune of Synergy" | qty=4 | price=7pp 3gp 4sp 9cp | lvl=--
2026-10-03 18:11:54 | +7356ms | tome-spike 0.1.0-spike.2 | row 69 | "Rune of the Cyclone" | qty=1 | price=2pp 7gp 2sp 9cp | lvl=--
2026-10-03 18:11:54 | +7356ms | tome-spike 0.1.0-spike.2 | row 70 | "Shadow Weave Ring (Enchanted)" | qty=2 | price=209pp 9gp 9sp 9cp | lvl=--
2026-10-03 18:11:54 | +7357ms | tome-spike 0.1.0-spike.2 | row 71 | "Shadowy Assassin Sash" | qty=1 | price=2100pp 0gp 0sp 0cp | lvl=--
2026-10-03 18:11:54 | +7357ms | tome-spike 0.1.0-spike.2 | row 72 | "Shadowy Assassin Sash (Enchanted)" | qty=1 | price=2100pp 0gp 0sp 0cp | lvl=--
2026-10-03 18:11:54 | +7357ms | tome-spike 0.1.0-spike.2 | row 73 | "Shadowy Assassin's Cape" | qty=3 | price=209pp 9gp 9sp 9cp | lvl=--
2026-10-03 18:11:54 | +7357ms | tome-spike 0.1.0-spike.2 | row 74 | "Shadowy Assassin's Cape (Enchanted)" | qty=3 | price=209pp 9gp 9sp 9cp | lvl=--
2026-10-03 18:11:54 | +7357ms | tome-spike 0.1.0-spike.2 | row 75 | "Shadowy Assassin's Cape (Legendary)" | qty=3 | price=209pp 9gp 9sp 9cp | lvl=--
2026-10-03 18:11:54 | +7357ms | tome-spike 0.1.0-spike.2 | row 76 | "Shadowy Dirk" | qty=1 | price=209pp 9gp 9sp 9cp | lvl=--
2026-10-03 18:11:54 | +7358ms | tome-spike 0.1.0-spike.2 | row 77 | "Shiv" | qty=1 | price=0pp 7gp 1sp 8cp | lvl=--
2026-10-03 18:11:54 | +7358ms | tome-spike 0.1.0-spike.2 | row 78 | "Skull Charm (Enchanted)" | qty=1 | price=16pp 6gp 9sp 5cp | lvl=--
2026-10-03 18:11:54 | +7358ms | tome-spike 0.1.0-spike.2 | row 79 | "Skull Marked Shield" | qty=2 | price=209pp 9gp 9sp 9cp | lvl=--
2026-10-03 18:11:54 | +7358ms | tome-spike 0.1.0-spike.2 | row 80 | "Skull Marked Shield (Enchanted)" | qty=3 | price=209pp 9gp 9sp 9cp | lvl=--
2026-10-03 18:11:54 | +7358ms | tome-spike 0.1.0-spike.2 | row 81 | "Slate Powder" | qty=1 | price=0pp 1gp 5sp 7cp | lvl=--
2026-10-03 18:11:54 | +7368ms | tome-spike 0.1.0-spike.2 | row 82 | "Soluble Loam" | qty=1 | price=262pp 5gp 0sp 0cp | lvl=--
2026-10-03 18:11:54 | +7369ms | tome-spike 0.1.0-spike.2 | row 83 | "Spell: Disinfecting Aura" | qty=1 | price=76pp 2gp 9sp 0cp | lvl= 52
2026-10-03 18:11:54 | +7369ms | tome-spike 0.1.0-spike.2 | row 84 | "Spell: Epitaph of Life" | qty=1 | price=77pp 0gp 7sp 4cp | lvl= 52
2026-10-03 18:11:54 | +7369ms | tome-spike 0.1.0-spike.2 | row 85 | "Spell: Plague of Insects" | qty=1 | price=89pp 3gp 6sp 7cp | lvl= 54
2026-10-03 18:11:54 | +7369ms | tome-spike 0.1.0-spike.2 | row 86 | "Spell: Succussion of Shadows" | qty=1 | price=88pp 8gp 4sp 4cp | lvl= 54
2026-10-03 18:11:54 | +7369ms | tome-spike 0.1.0-spike.2 | row 87 | "Spell: Words of Tranquility" | qty=1 | price=88pp 3gp 2sp 8cp | lvl= 54
2026-10-03 18:11:54 | +7370ms | tome-spike 0.1.0-spike.2 | row 88 | "Spirit-Touched Phased Spider Thorax" | qty=1 | price=0pp 0gp 0sp 2cp | lvl=--
2026-10-03 18:11:54 | +7370ms | tome-spike 0.1.0-spike.2 | row 89 | "Sunshard Ore" | qty=1 | price=0pp 0gp 7sp 8cp | lvl=--
2026-10-03 18:11:54 | +7370ms | tome-spike 0.1.0-spike.2 | row 90 | "Sunshard Pebble" | qty=1 | price=0pp 0gp 1sp 5cp | lvl=--
2026-10-03 18:11:54 | +7370ms | tome-spike 0.1.0-spike.2 | row 91 | "Tegi Scales" | qty=2 | price=9pp 4gp 5sp 0cp | lvl=--
2026-10-03 18:11:54 | +7370ms | tome-spike 0.1.0-spike.2 | row 92 | "Tome of Deftdance Discipline" | qty=-- | price=82pp 4gp 5sp 2cp | lvl= 55 | derived="Deftdance Discipline" | in known list=no | Me.CombatAbility(derived)=nil Name=nil
2026-10-03 18:11:54 | +7371ms | tome-spike 0.1.0-spike.2 | row 93 | "Tome of Fearless Discipline" | qty=-- | price=21pp 0gp 9sp 0cp | lvl= 40 | derived="Fearless Discipline" | in known list=YES | Me.CombatAbility(derived)=4 Name=nil
2026-10-03 18:11:54 | +7371ms | tome-spike 0.1.0-spike.2 | row 94 | "Tome of Puretone Discipline" | qty=-- | price=117pp 4gp 9sp 2cp | lvl= 60 | derived="Puretone Discipline" | in known list=no | Me.CombatAbility(derived)=nil Name=nil
2026-10-03 18:11:54 | +7371ms | tome-spike 0.1.0-spike.2 | row 95 | "Tome of Resistant Discipline" | qty=-- | price=6pp 9gp 9sp 7cp | lvl= 30 | derived="Resistant Discipline" | in known list=YES | Me.CombatAbility(derived)=2 Name=nil
2026-10-03 18:11:54 | +7372ms | tome-spike 0.1.0-spike.2 | row 96 | "Umbracite" | qty=1 | price=188pp 9gp 9sp 9cp | lvl=--
2026-10-03 18:11:54 | +7372ms | tome-spike 0.1.0-spike.2 | row 97 | "Unwavering Sword of Faith" | qty=1 | price=0pp 0gp 0sp 2cp | lvl=--
2026-10-03 18:11:54 | +7372ms | tome-spike 0.1.0-spike.2 | row 98 | "Vah Shir Skin Robe" | qty=2 | price=209pp 9gp 9sp 9cp | lvl=--
2026-10-03 18:11:54 | +7372ms | tome-spike 0.1.0-spike.2 | row 99 | "Vah Shir Skin Robe (Enchanted)" | qty=2 | price=209pp 9gp 9sp 9cp | lvl=--
2026-10-03 18:11:54 | +7372ms | tome-spike 0.1.0-spike.2 | row 100 | "Warblade of the Fallen (Enchanted)" | qty=1 | price=2100pp 0gp 0sp 0cp | lvl=--
2026-10-03 18:11:54 | +7373ms | tome-spike 0.1.0-spike.2 | row 101 | "Warblade of the Fallen (Legendary)" | qty=1 | price=2100pp 0gp 0sp 0cp | lvl=--
2026-10-03 18:11:54 | +7373ms | tome-spike 0.1.0-spike.2 | row 102 | "Windstone" | qty=5 | price=26pp 7gp 7sp 4cp | lvl=--
2026-10-03 18:11:54 | +7373ms | tome-spike 0.1.0-spike.2 | row 103 | "Words of Anguish" | qty=1 | price=6pp 7gp 1sp 9cp | lvl=--
2026-10-03 18:11:54 | +7373ms | tome-spike 0.1.0-spike.2 | row 104 | "Words of Convocation" | qty=1 | price=0pp 5gp 2sp 5cp | lvl=--
2026-10-03 18:11:54 | +7374ms | tome-spike 0.1.0-spike.2 | summary: 104 rows; 4 start with "Tome of "; 100 other rows; the discipline named by the tome is in the known list for 2, not for 2; name prefixes: Autumn Crocus x1; Blue Diamond x1; Bonded Loam x1; Bone Chips x1; Bubonian Bandage x2; Bubonian Blood x1; Bubonian Claws x1; Bubonian Head x1; Card of x1; Charred Dagger x1; Chunk of x1; Consigned Bite x1; Crysotherium x1; Dark Assassin x1; Dark Steel x1; Dathor Scale x3; Death Mask x2; Death Watcher's x2; Diaku Forged x1; Diamond x1; Dream Weaver x5; Dreamstone x1; Elysian Gloves x1; Elysian Leggings x1; Emberstone x1; Emerald Ring x1; Erudite Meat x1; Essence of x2; Fecund Luggald x1; Flesh Eater's x1; Frozen Long x1; Gantru Charm x3; Gantru Warmask x1; Ghast Fingerbones x1; Glowing Orb x1; Half of x1; Helm of x1; Hive Fiend's x1; Indicolite x1; Iolite x1; Living Fragment x1; Luclinite x1; Mace of x2; Modest Binding x1; Nilitim's Grimoire x1; Old Dragon x1; Phosphorous Powder x1; Pirate's Seal x1; Platinum Gem x1; Pliable Goo x1; Polished Serpent x1; Pondweed x1; Rhodocrosite x1; Rune of x3; Shadow Weave x1; Shadowy Assassin x2; Shadowy Assassin's x3; Shadowy Dirk x1; Shiv x1; Skull Charm x1; Skull Marked x2; Slate Powder x1; Soluble Loam x1; Spell: Disinfecting x1; Spell: Epitaph x1; Spell: Plague x1; Spell: Succussion x1; Spell: Words x1; Spirit-Touched Phased x1; Sunshard Ore x1; Sunshard Pebble x1; Tegi Scales x1; Tome of x4; Umbracite x1; Unwavering Sword x1; Vah Shir x2; Warblade of x2; Windstone x1; Words of x2
2026-10-03 18:11:54 | +7374ms | tome-spike 0.1.0-spike.2 | dump: 104 rows, 4 tomes, 100 other; known disciplines 39 (matched to tomes: 2); details in C:\Users\Public\MacroQuest\Logs/spellspree/spike_multiclass_Kylaeris.log
